registry,name,gender,birth_date,email,class_group_id,father_name,father_phone,mother_name,mother_phone
202500001,Beatriz Duarte Fernandes,F,05/04/2018,beatriz.fernandes202500001@escola.edu.br,1A_EF1,Nicolás Alves Cunha,(47) 99935-2424,Viviane Machado Oliveira,(11) 92535-4582
202500002,Francisco Santos Castro,M,21/12/2018,francisco.castro202500002@escola.edu.br,1A_EF1,Enzo Teixeira Marques,(41) 98359-5557,Ana Melo Farias,(31) 97924-6574
202500003,Carlos Melo Dias,M,13/02/2018,carlos.dias202500003@escola.edu.br,1A_EF1,Rafael Nascimento Nascimento,(92) 95333-1711,Rebeca Freitas Teixeira,(21) 97201-2291
202500004,Helena Moura Andrade,F,03/12/2018,helena.andrade202500004@escola.edu.br,1A_EF1,Lucas Cavalcante Almeida,(48) 95741-2307,Raquel Alves Moreira,(51) 98428-6977
202500005,Ricardo Carvalho Cavalcante,M,22/12/2019,ricardo.cavalcante202500005@escola.edu.br,1A_EF1,Ruan Rodrigues Pinto,(62) 93803-9751,Rebeca Lopes Costa,(81) 97216-5422
202500006,Helena Monteiro Castro,F,11/11/2018,helena.castro202500006@escola.edu.br,1A_EF1,Samuel Brito Souza,(41) 91525-6168,Elisa Fernandes Rodrigues,(41) 96155-4483
202500007,Elisa Borges Freitas,F,05/05/2018,elisa.freitas202500007@escola.edu.br,1A_EF1,Paulo Duarte Castro,(85) 95304-8019,Viviane Nunes Andrade,(41) 93266-9348
202500008,Yago Souza Pereira,M,06/11/2018,yago.pereira202500008@escola.edu.br,1A_EF1,Cauã Machado Pinto,(21) 97304-7252,Aline Freitas Santana,(51) 91188-2876
202500009,Sandra Melo Fernandes,F,10/02/2019,sandra.fernandes202500009@escola.edu.br,1A_EF1,Vitor Costa Freitas,(11) 95315-9201,Laís Ribeiro Gonçalves,(21) 95889-9317
202500010,Mariana Andrade Melo,F,25/09/2018,mariana.melo202500010@escola.edu.br,1A_EF1,Tiago Silva Pinto,(61) 99005-1319,Lívia Andrade Farias,(51) 94923-1949
202500011,Antônio Ferreira Ferreira,M,25/02/2019,antonio.ferreira202500011@escola.edu.br,1A_EF1,Guilherme Brito Lima,(31) 98787-3705,Sofia Santana Pinto,(71) 94470-9835
202500012,Giovanna Martins Guimarães,F,22/07/2019,giovanna.guimaraes202500012@escola.edu.br,1A_EF1,Ruan Andrade Mendes,(85) 98397-2982,Sabrina Almeida Rodrigues,(61) 91344-4770
202500013,Ana Rodrigues Guimarães,F,03/04/2018,ana.guimaraes202500013@escola.edu.br,1A_EF1,Lucas Dias Rodrigues,(85) 94899-5562,Isadora Ramos Carvalho,(85) 93167-8744
202500014,Sérgio Farias Marques,M,04/02/2018,sergio.marques202500014@escola.edu.br,1A_EF1,Kaique Machado Nascimento,(71) 97735-8651,Rebeca Souza Cunha,(62) 92612-1993
202500015,Henrique Farias Alves,M,07/04/2018,henrique.alves202500015@escola.edu.br,1A_EF1,Guilherme Mendes Lima,(71) 94006-5563,Laura Lopes Rodrigues,(81) 92604-1828
202500016,Sandra Silva Ferreira,F,14/03/2018,sandra.ferreira202500016@escola.edu.br,1A_EF1,Fábio Cardoso Carvalho,(65) 97570-1960,Natália Moreira Silva,(71) 95345-8454
202500017,Enzo Azevedo Rezende,M,07/03/2019,enzo.rezende202500017@escola.edu.br,1A_EF1,Fernando Carvalho Souza,(92) 99883-1998,Clarice Rocha Souza,(11) 98811-9238
202500018,Renata Costa Souza,F,03/03/2018,renata.souza202500018@escola.edu.br,1A_EF1,Francisco Rodrigues Cunha,(65) 94853-7615,Lívia Campos Lopes,(92) 91651-2343
202500019,José Campos Santana,M,07/05/2019,jose.santana202500019@escola.edu.br,1A_EF1,Kaique Guimarães Rocha,(41) 95351-7484,Manuela Cavalcante Borges,(51) 98491-6180
202500020,Juliana Silva Freitas,F,18/02/2018,juliana.freitas202500020@escola.edu.br,1A_EF1,Carlos Gonçalves Sousa,(31) 96718-2127,Sabrina Andrade Vieira,(31) 98179-9900
202500021,Bárbara Farias Borges,F,27/11/2018,barbara.borges202500021@escola.edu.br,1A_EF1,Luiz Barbosa Cavalcante,(21) 93200-5333,Lívia Alves Duarte,(85) 93546-5462
202500022,Carlos Guimarães Dias,M,21/11/2018,carlos.dias202500022@escola.edu.br,1B_EF1,Thiago Gonçalves Ramos,(51) 91832-2512,Helena Machado Fernandes,(11) 91058-6464
202500023,Helena Sousa Costa,F,23/09/2019,helena.costa202500023@escola.edu.br,1B_EF1,Vitor Castro Silva,(21) 92232-3442,Sandra Oliveira Andrade,(92) 93426-8041
202500024,Diego Andrade Rezende,M,07/06/2018,diego.rezende202500024@escola.edu.br,1B_EF1,Cauã Lopes Cavalcante,(21) 96794-7658,Bárbara Duarte Gomes,(41) 93662-3900
202500025,Beatriz Ribeiro Duarte,F,26/07/2019,beatriz.duarte202500025@escola.edu.br,1B_EF1,Kaique Duarte Farias,(41) 95371-3608,Giovanna Alves Moreira,(65) 91634-8711
202500026,Renato Nascimento Barbosa,M,01/04/2018,renato.barbosa202500026@escola.edu.br,1B_EF1,Kaique Martins Nunes,(61) 95564-2137,Nathalia Fernandes Nascimento,(62) 99346-7548
202500027,Sandra Dias Santos,F,06/05/2018,sandra.santos202500027@escola.edu.br,1B_EF1,José Sousa Oliveira,(21) 98119-6663,Rebeca Rezende Rocha,(71) 99379-2894
202500028,Antônio Martins Sousa,M,14/12/2018,antonio.sousa202500028@escola.edu.br,1B_EF1,João Santana Farias,(85) 94228-6967,Isabela Rodrigues Cavalcante,(61) 96143-3041
202500029,Yasmin Gonçalves Barbosa,F,13/06/2019,yasmin.barbosa202500029@escola.edu.br,1B_EF1,Enzo Vieira Castro,(31) 94143-7888,Isadora Moreira Cunha,(47) 93851-5930
202500030,João Barbosa Vieira,M,26/07/2018,joao.vieira202500030@escola.edu.br,1B_EF1,José Pinto Borges,(61) 98618-8238,Joana Cunha Carvalho,(85) 98752-3780
202500031,Vitória Gonçalves Cavalcante,F,27/02/2019,vitoria.cavalcante202500031@escola.edu.br,1B_EF1,Yago Lopes Cunha,(51) 94680-4262,Mariana Santos Oliveira,(41) 98784-2193
202500032,Roberto Campos Martins,M,13/08/2019,roberto.martins202500032@escola.edu.br,1B_EF1,Paulo Gomes Borges,(47) 91090-2746,Nathalia Machado Almeida,(31) 99486-8611
202500033,Paulo Pereira Freitas,M,22/08/2018,paulo.freitas202500033@escola.edu.br,1B_EF1,Tiago Castro Pinto,(61) 98251-9270,Isabela Castro Mendes,(31) 98777-8373
202500034,Paulo Correia Fernandes,M,08/11/2019,paulo.fernandes202500034@escola.edu.br,1B_EF1,Leonardo Mendes Rodrigues,(47) 95681-4841,Vanessa Dias Rocha,(85) 92320-3267
202500035,Marcelo Monteiro Gomes,M,14/02/2018,marcelo.gomes202500035@escola.edu.br,1B_EF1,Igor Dias Teixeira,(81) 97812-2020,Rafaela Marques Moreira,(48) 91320-7232
202500036,Ricardo Barbosa Melo,M,18/07/2019,ricardo.melo202500036@escola.edu.br,1B_EF1,Nicolás Duarte Teixeira,(48) 94613-8999,Raquel Fernandes Machado,(81) 91475-7371
202500037,Cauã Farias Nunes,M,05/08/2018,caua.nunes202500037@escola.edu.br,1B_EF1,Jorge Teixeira Santos,(71) 91444-2375,Valentina Machado Lima,(65) 98564-3977
202500038,Marcelo Rocha Carvalho,M,11/06/2019,marcelo.carvalho202500038@escola.edu.br,1B_EF1,Yago Moreira Fernandes,(48) 97906-5133,Larissa Cardoso Santos,(47) 99837-1853
202500039,Carolina Almeida Borges,F,02/11/2018,carolina.borges202500039@escola.edu.br,1B_EF1,Yago Santos Lopes,(41) 91333-3496,Sabrina Lima Cardoso,(62) 92874-4571
202500040,Thiago Brito Andrade,M,20/10/2018,thiago.andrade202500040@escola.edu.br,1B_EF1,Nicolás Guimarães Pereira,(48) 93683-6096,Letícia Araújo Santos,(51) 97149-7498
202500041,Priscila Rodrigues Araújo,F,23/02/2018,priscila.araujo202500041@escola.edu.br,1B_EF1,Samuel Barbosa Cunha,(92) 92983-1672,Carolina Teixeira Machado,(62) 97071-2129
202500042,Bruna Silva Marques,F,14/02/2019,bruna.marques202500042@escola.edu.br,1B_EF1,Alexandre Correia Freitas,(47) 93506-8135,Paula Azevedo Santana,(62) 95425-9817
202500043,Laura Machado Xavier,F,28/06/2018,laura.xavier202500043@escola.edu.br,2A_EF1,Paulo Ferreira Fernandes,(81) 94995-8613,Thaís Moura Cavalcante,(71) 96511-1470
202500044,Victor Ribeiro Ramos,M,26/06/2017,victor.ramos202500044@escola.edu.br,2A_EF1,Thiago Dias Fernandes,(92) 95526-1166,Renata Martins Ferreira,(41) 97658-9004
202500045,Sabrina Monteiro Cardoso,F,26/08/2018,sabrina.cardoso202500045@escola.edu.br,2A_EF1,Pedro Ferreira Vieira,(41) 97625-4986,Yasmin Cavalcante Araújo,(61) 98753-9698
202500046,Nicolás Castro Dias,M,15/12/2018,nicolas.dias202500046@escola.edu.br,2A_EF1,Leonardo Barbosa Sousa,(41) 92976-4155,Amanda Pereira Duarte,(85) 94033-4138
202500047,Sérgio Fernandes Azevedo,M,27/02/2018,sergio.azevedo202500047@escola.edu.br,2A_EF1,André Vieira Almeida,(61) 93939-5952,Ana Guimarães Teixeira,(31) 95494-1745
202500048,Tatiana Vieira Monteiro,F,28/11/2017,tatiana.monteiro202500048@escola.edu.br,2A_EF1,Yago Ramos Alves,(65) 91200-5658,Luana Cardoso Mendes,(61) 94020-1841
202500049,Sérgio Pereira Xavier,M,16/07/2017,sergio.xavier202500049@escola.edu.br,2A_EF1,Matheus Campos Correia,(62) 91878-3485,Mariana Farias Campos,(51) 92395-5066
202500050,Yago Marques Pinto,M,13/09/2017,yago.pinto202500050@escola.edu.br,2A_EF1,Leandro Mendes Barbosa,(65) 98025-6003,Thaís Moura Souza,(92) 92625-4404
202500051,Sofia Cavalcante Ferreira,F,06/04/2017,sofia.ferreira202500051@escola.edu.br,2A_EF1,Luiz Rodrigues Costa,(11) 97693-8381,Giovanna Pinto Cardoso,(51) 91534-4792
202500052,Fernando Monteiro Freitas,M,08/11/2017,fernando.freitas202500052@escola.edu.br,2A_EF1,Thiago Rezende Rezende,(62) 94241-7965,Lívia Teixeira Almeida,(62) 93441-5352
202500053,Juliana Souza Costa,F,24/10/2018,juliana.costa202500053@escola.edu.br,2A_EF1,Antônio Vieira Mendes,(21) 98679-5982,Giovanna Nunes Fernandes,(85) 99847-9090
202500054,Francisco Oliveira Machado,M,09/10/2018,francisco.machado202500054@escola.edu.br,2A_EF1,Pedro Ferreira Almeida,(62) 91339-5415,Thaís Oliveira Melo,(48) 93870-8708
202500055,Joana Fernandes Ribeiro,F,27/11/2018,joana.ribeiro202500055@escola.edu.br,2A_EF1,Fábio Ferreira Cardoso,(61) 97690-6460,Amanda Cavalcante Alves,(65) 93634-6403
202500056,Fábio Vieira Cavalcante,M,02/09/2018,fabio.cavalcante202500056@escola.edu.br,2A_EF1,Renato Ferreira Rocha,(51) 96296-2899,Nathalia Nunes Gonçalves,(65) 91018-9889
202500057,Gabriel Martins Santana,M,25/10/2018,gabriel.santana202500057@escola.edu.br,2A_EF1,Fábio Correia Mendes,(48) 91845-4335,Vanessa Castro Lima,(51) 98178-8941
202500058,Roberto Pinto Farias,M,06/12/2017,roberto.farias202500058@escola.edu.br,2A_EF1,Diego Castro Silva,(85) 97684-2527,Raquel Pereira Freitas,(21) 93522-9165
202500059,Vitória Gonçalves Guimarães,F,27/07/2018,vitoria.guimaraes202500059@escola.edu.br,2A_EF1,Sérgio Cardoso Lopes,(81) 93369-7284,Priscila Pinto Gonçalves,(47) 93236-2143
202500060,Igor Dias Rezende,M,10/01/2018,igor.rezende202500060@escola.edu.br,2A_EF1,Murilo Barbosa Araújo,(92) 99022-3434,Joana Teixeira Cardoso,(61) 96446-9903
202500061,Victor Martins Monteiro,M,13/10/2017,victor.monteiro202500061@escola.edu.br,2A_EF1,Marcos Brito Marques,(11) 96213-8749,Eduarda Farias Moreira,(71) 93492-9115
202500062,Manuela Gonçalves Araújo,F,28/02/2018,manuela.araujo202500062@escola.edu.br,2A_EF1,Leandro Alves Santana,(81) 91251-3361,Gabriela Borges Gomes,(21) 98692-5342
202500063,Enzo Nunes Borges,M,28/06/2017,enzo.borges202500063@escola.edu.br,2A_EF1,Cauã Teixeira Moreira,(61) 98994-9864,Camila Moura Rodrigues,(41) 95708-4727
202500064,Isabela Alves Melo,F,06/08/2017,isabela.melo202500064@escola.edu.br,2B_EF1,Enzo Barbosa Santos,(11) 96314-1919,Vitória Nascimento Andrade,(71) 93385-5000
202500065,Thaís Cunha Rezende,F,06/03/2017,thais.rezende202500065@escola.edu.br,2B_EF1,Felipe Moura Moreira,(92) 94945-9153,Viviane Gomes Almeida,(81) 95161-8529
202500066,João Farias Freitas,M,18/11/2018,joao.freitas202500066@escola.edu.br,2B_EF1,Daniel Rodrigues Mendes,(61) 95901-7951,Giovanna Sousa Freitas,(65) 95949-4263
202500067,Luana Alves Lopes,F,12/10/2018,luana.lopes202500067@escola.edu.br,2B_EF1,Antônio Vieira Monteiro,(51) 91359-7484,Vanessa Silva Campos,(65) 91803-9138
202500068,Vitória Brito Farias,F,26/10/2017,vitoria.farias202500068@escola.edu.br,2B_EF1,Ricardo Almeida Correia,(41) 95106-3240,Helena Alves Correia,(62) 91645-6061
202500069,Camila Araújo Andrade,F,10/02/2017,camila.andrade202500069@escola.edu.br,2B_EF1,Victor Duarte Marques,(31) 94289-3165,Sandra Andrade Santana,(85) 95465-3695
202500070,Sérgio Farias Vieira,M,15/02/2018,sergio.vieira202500070@escola.edu.br,2B_EF1,Matheus Gomes Melo,(41) 97511-6992,Larissa Rezende Nunes,(11) 95332-9791
202500071,Alexandre Cunha Duarte,M,13/10/2018,alexandre.duarte202500071@escola.edu.br,2B_EF1,Roberto Andrade Alves,(62) 94830-8724,Beatriz Moura Castro,(61) 94626-2035
202500072,Laura Monteiro Barbosa,F,05/02/2018,laura.barbosa202500072@escola.edu.br,2B_EF1,Lucas Oliveira Barbosa,(81) 92902-2592,Sabrina Teixeira Lima,(71) 98432-7078
202500073,Clarice Monteiro Teixeira,F,24/10/2018,clarice.teixeira202500073@escola.edu.br,2B_EF1,Murilo Gomes Marques,(62) 92622-9017,Bárbara Marques Fernandes,(11) 97070-4559
202500074,Paulo Andrade Alves,M,21/09/2018,paulo.alves202500074@escola.edu.br,2B_EF1,Ricardo Souza Nunes,(51) 94109-3001,Laura Ferreira Cavalcante,(41) 91349-1828
202500075,Sabrina Lima Rezende,F,27/02/2017,sabrina.rezende202500075@escola.edu.br,2B_EF1,Yago Castro Carvalho,(92) 94538-4817,Bruna Brito Gomes,(48) 91046-5542
202500076,Mariana Lima Teixeira,F,04/03/2018,mariana.teixeira202500076@escola.edu.br,2B_EF1,Kaique Santos Lima,(11) 96869-4898,Viviane Rocha Santos,(31) 95347-1858
202500077,Igor Santana Pereira,M,15/08/2017,igor.pereira202500077@escola.edu.br,2B_EF1,Samuel Andrade Gonçalves,(92) 92786-8405,Patrícia Almeida Moura,(11) 99543-5941
202500078,Pedro Souza Cardoso,M,22/07/2018,pedro.cardoso202500078@escola.edu.br,2B_EF1,Rafael Ramos Guimarães,(81) 92204-2323,Amanda Pinto Gomes,(21) 93067-5505
202500079,Viviane Castro Guimarães,F,20/07/2018,viviane.guimaraes202500079@escola.edu.br,2B_EF1,Tiago Vieira Freitas,(85) 98048-2624,Giovanna Pereira Borges,(62) 94522-8046
202500080,Marcos Marques Dias,M,14/07/2018,marcos.dias202500080@escola.edu.br,2B_EF1,Murilo Alves Rocha,(71) 96120-5176,Daniela Gomes Cunha,(81) 92099-2494
202500081,Larissa Machado Alves,F,18/03/2018,larissa.alves202500081@escola.edu.br,2B_EF1,Gabriel Araújo Castro,(85) 96400-3002,Gabriela Nascimento Cavalcante,(48) 97929-1842
202500082,Aline Barbosa Nascimento,F,17/10/2017,aline.nascimento202500082@escola.edu.br,2B_EF1,Carlos Gomes Cavalcante,(81) 94674-2773,Carolina Castro Andrade,(21) 95564-4705
202500083,Tatiana Brito Xavier,F,22/10/2017,tatiana.xavier202500083@escola.edu.br,2B_EF1,Enzo Fernandes Santos,(31) 95477-6062,Bruna Nascimento Silva,(31) 93347-7566
202500084,Nicolás Correia Santos,M,17/12/2017,nicolas.santos202500084@escola.edu.br,2B_EF1,Carlos Moreira Marques,(81) 96585-3578,Daniela Barbosa Azevedo,(61) 92391-1861
202500085,Yago Moura Souza,M,15/05/2016,yago.souza202500085@escola.edu.br,3A_EF1,Kaique Machado Ramos,(92) 98242-7785,Vanessa Carvalho Melo,(85) 92864-6655
202500086,Fernando Cunha Cunha,M,22/09/2017,fernando.cunha202500086@escola.edu.br,3A_EF1,Diego Oliveira Almeida,(71) 91897-1125,Rafaela Barbosa Carvalho,(48) 93248-5186
202500087,Bruno Silva Ramos,M,05/03/2017,bruno.ramos202500087@escola.edu.br,3A_EF1,Marcelo Teixeira Guimarães,(41) 99196-6802,Juliana Nunes Duarte,(11) 98147-1307
202500088,Matheus Rocha Campos,M,13/10/2017,matheus.campos202500088@escola.edu.br,3A_EF1,Davi Correia Marques,(51) 92887-7636,Beatriz Rocha Costa,(48) 98538-6928
202500089,Rafael Lopes Machado,M,03/09/2017,rafael.machado202500089@escola.edu.br,3A_EF1,Caio Barbosa Duarte,(61) 94630-6456,Nathalia Costa Rodrigues,(85) 92868-9693
202500090,Nathalia Nascimento Nascimento,F,04/04/2016,nathalia.nascimento202500090@escola.edu.br,3A_EF1,Rodrigo Sousa Martins,(31) 93504-2234,Paula Brito Correia,(81) 98601-8354
202500091,Thaís Borges Correia,F,11/11/2017,thais.correia202500091@escola.edu.br,3A_EF1,Rodrigo Mendes Rodrigues,(81) 98245-5961,Vanessa Araújo Souza,(61) 99312-2215
202500092,Leandro Oliveira Souza,M,03/05/2017,leandro.souza202500092@escola.edu.br,3A_EF1,Ruan Ferreira Moura,(92) 99307-7299,Laura Araújo Castro,(48) 91672-8368
202500093,Thaís Borges Martins,F,16/10/2017,thais.martins202500093@escola.edu.br,3A_EF1,Danilo Gomes Souza,(81) 92695-6626,Eduarda Ferreira Gonçalves,(62) 93827-1641
202500094,Leandro Mendes Santana,M,12/06/2016,leandro.santana202500094@escola.edu.br,3A_EF1,Fernando Moreira Marques,(48) 96543-1857,Helena Borges Dias,(21) 96401-2548
202500095,Débora Vieira Sousa,F,03/06/2016,debora.sousa202500095@escola.edu.br,3A_EF1,José Cavalcante Gomes,(61) 96082-7421,Manuela Pinto Guimarães,(21) 96072-7171
202500096,Bruna Xavier Lima,F,22/11/2016,bruna.lima202500096@escola.edu.br,3A_EF1,Vitor Gonçalves Andrade,(11) 96940-6060,Paula Carvalho Dias,(48) 98967-4145
202500097,Gustavo Gomes Rodrigues,M,17/02/2017,gustavo.rodrigues202500097@escola.edu.br,3A_EF1,Samuel Teixeira Duarte,(85) 91618-6517,Nathalia Moura Lima,(92) 97172-3527
202500098,Enzo Brito Moura,M,15/12/2016,enzo.moura202500098@escola.edu.br,3A_EF1,Lucas Marques Andrade,(62) 94891-8277,Bárbara Vieira Melo,(47) 98355-4833
202500099,Yasmin Farias Rezende,F,12/04/2017,yasmin.rezende202500099@escola.edu.br,3A_EF1,Cauã Campos Mendes,(81) 95616-7256,Patrícia Santana Marques,(31) 94271-3267
202500100,Fernanda Borges Cardoso,F,04/09/2017,fernanda.cardoso202500100@escola.edu.br,3A_EF1,Davi Santana Pereira,(51) 92374-3626,Vanessa Mendes Gonçalves,(31) 98167-2502
202500101,Raquel Xavier Mendes,F,14/01/2017,raquel.mendes202500101@escola.edu.br,3A_EF1,Gabriel Nunes Gonçalves,(61) 94862-7326,Larissa Andrade Almeida,(11) 96221-2623
202500102,Valentina Dias Rezende,F,02/03/2016,valentina.rezende202500102@escola.edu.br,3A_EF1,Fernando Cardoso Monteiro,(65) 93273-8685,Joana Moura Silva,(21) 91311-5193
202500103,Rodrigo Castro Azevedo,M,25/02/2017,rodrigo.azevedo202500103@escola.edu.br,3A_EF1,Fernando Lopes Barbosa,(21) 91782-4906,Gabriela Correia Rezende,(92) 98489-2029
202500104,Fábio Pinto Teixeira,M,17/11/2016,fabio.teixeira202500104@escola.edu.br,3A_EF1,Antônio Lopes Guimarães,(31) 95772-8032,Ana Moura Nascimento,(41) 97825-4068
202500105,Larissa Santana Andrade,F,18/09/2016,larissa.andrade202500105@escola.edu.br,3A_EF1,Danilo Rezende Gonçalves,(85) 91333-7397,Luana Oliveira Correia,(71) 97116-5155
202500106,Carolina Rezende Rodrigues,F,24/04/2017,carolina.rodrigues202500106@escola.edu.br,3B_EF1,Kaique Correia Alves,(48) 96447-3185,Camila Nascimento Teixeira,(61) 93868-8612
202500107,Luana Correia Ribeiro,F,23/02/2016,luana.ribeiro202500107@escola.edu.br,3B_EF1,Samuel Freitas Oliveira,(51) 94302-1717,Priscila Oliveira Rocha,(51) 99444-7524
202500108,Sandra Cardoso Sousa,F,07/11/2016,sandra.sousa202500108@escola.edu.br,3B_EF1,Fernando Nascimento Brito,(11) 96438-5476,Lívia Farias Andrade,(71) 97553-8204
202500109,Débora Dias Ribeiro,F,16/12/2017,debora.ribeiro202500109@escola.edu.br,3B_EF1,Alexandre Farias Santana,(51) 92353-7955,Larissa Machado Pinto,(65) 93956-9937
202500110,Rafael Ferreira Rocha,M,15/05/2017,rafael.rocha202500110@escola.edu.br,3B_EF1,Francisco Guimarães Machado,(31) 98272-6759,Joana Oliveira Azevedo,(65) 96776-8126
202500111,Gabriel Rodrigues Cavalcante,M,17/06/2017,gabriel.cavalcante202500111@escola.edu.br,3B_EF1,Nicolás Cunha Costa,(11) 93339-8179,Camila Lima Rodrigues,(41) 97001-6933
202500112,Antônio Oliveira Pinto,M,15/11/2016,antonio.pinto202500112@escola.edu.br,3B_EF1,Alexandre Andrade Mendes,(48) 92259-3255,Renata Andrade Nunes,(61) 95566-5089
202500113,Beatriz Duarte Ribeiro,F,13/09/2017,beatriz.ribeiro202500113@escola.edu.br,3B_EF1,Luiz Pereira Sousa,(48) 95264-8311,Rafaela Moura Vieira,(47) 99047-4279
202500114,Matheus Mendes Ribeiro,M,26/02/2017,matheus.ribeiro202500114@escola.edu.br,3B_EF1,Cauã Rocha Cavalcante,(61) 92063-9882,Vitória Barbosa Costa,(47) 93852-6922
202500115,Lívia Martins Rezende,F,26/04/2016,livia.rezende202500115@escola.edu.br,3B_EF1,Fábio Santos Andrade,(85) 97044-8657,Tatiana Lima Moura,(21) 92077-6067
202500116,Davi Azevedo Cardoso,M,27/07/2017,davi.cardoso202500116@escola.edu.br,3B_EF1,Antônio Rodrigues Lima,(61) 92215-8372,Laura Cunha Santana,(61) 93102-3981
202500117,Manuela Machado Gonçalves,F,17/02/2016,manuela.goncalves202500117@escola.edu.br,3B_EF1,Rodrigo Barbosa Costa,(31) 96286-4694,Carolina Santana Vieira,(65) 92292-5105
202500118,Luiz Fernandes Lima,M,18/10/2017,luiz.lima202500118@escola.edu.br,3B_EF1,Felipe Gonçalves Borges,(31) 93526-3804,Isadora Moura Azevedo,(92) 96531-1674
202500119,Beatriz Ferreira Oliveira,F,07/11/2017,beatriz.oliveira202500119@escola.edu.br,3B_EF1,Samuel Campos Marques,(92) 91496-9159,Helena Teixeira Vieira,(62) 95949-8912
202500120,Cauã Nunes Barbosa,M,23/02/2017,caua.barbosa202500120@escola.edu.br,3B_EF1,Gabriel Costa Mendes,(71) 98933-8609,Rafaela Dias Pinto,(31) 96121-6231
202500121,Carolina Nunes Lima,F,18/09/2017,carolina.lima202500121@escola.edu.br,3B_EF1,Rafael Rocha Lopes,(81) 93007-5382,Joana Lopes Gomes,(21) 91829-5754
202500122,Bárbara Marques Lopes,F,19/06/2016,barbara.lopes202500122@escola.edu.br,3B_EF1,Murilo Rocha Martins,(48) 93610-9163,Patrícia Freitas Ramos,(51) 99148-1379
202500123,Caio Gonçalves Freitas,M,19/04/2016,caio.freitas202500123@escola.edu.br,3B_EF1,Ricardo Souza Souza,(51) 99108-8710,Vitória Teixeira Silva,(65) 92761-8060
202500124,Thiago Azevedo Andrade,M,02/06/2017,thiago.andrade202500124@escola.edu.br,3B_EF1,Caio Souza Campos,(85) 94189-6939,Tatiana Vieira Rodrigues,(71) 99261-8378
202500125,Vanessa Xavier Moura,F,04/03/2016,vanessa.moura202500125@escola.edu.br,3B_EF1,Caio Andrade Rezende,(61) 96990-3363,Priscila Pinto Gonçalves,(71) 99193-1659
202500126,Gustavo Guimarães Dias,M,15/09/2017,gustavo.dias202500126@escola.edu.br,3B_EF1,Rodrigo Pinto Gonçalves,(31) 96373-6218,Natália Nunes Moura,(47) 95902-6511
202500127,Patrícia Teixeira Ramos,F,27/08/2016,patricia.ramos202500127@escola.edu.br,4A_EF1,Pedro Andrade Dias,(62) 92795-7824,Viviane Barbosa Rezende,(47) 91436-8775
202500128,Ruan Rezende Brito,M,02/12/2015,ruan.brito202500128@escola.edu.br,4A_EF1,José Cardoso Costa,(85) 97229-3421,Alice Lopes Oliveira,(92) 92800-4125
202500129,Victor Marques Gomes,M,07/12/2016,victor.gomes202500129@escola.edu.br,4A_EF1,Igor Gonçalves Brito,(92) 98726-2020,Eduarda Lima Santana,(41) 96325-8837
202500130,Amanda Ribeiro Freitas,F,12/09/2016,amanda.freitas202500130@escola.edu.br,4A_EF1,Cauã Brito Azevedo,(62) 95331-8932,Priscila Lopes Fernandes,(85) 95890-4684
202500131,Yasmin Brito Vieira,F,23/12/2015,yasmin.vieira202500131@escola.edu.br,4A_EF1,Fábio Rocha Cardoso,(61) 95480-5715,Lívia Campos Cunha,(85) 97220-7464
202500132,Nathalia Farias Gomes,F,10/01/2016,nathalia.gomes202500132@escola.edu.br,4A_EF1,Davi Ferreira Nascimento,(81) 95201-8849,Rafaela Martins Xavier,(85) 95442-5450
202500133,Jorge Duarte Araújo,M,02/04/2015,jorge.araujo202500133@escola.edu.br,4A_EF1,Kaique Santana Almeida,(62) 94814-1860,Letícia Marques Dias,(47) 98739-2647
202500134,Manuela Silva Castro,F,21/07/2015,manuela.castro202500134@escola.edu.br,4A_EF1,Sérgio Cardoso Borges,(41) 95706-6262,Vitória Borges Souza,(48) 92465-4804
202500135,Rebeca Oliveira Ribeiro,F,02/03/2016,rebeca.ribeiro202500135@escola.edu.br,4A_EF1,Caio Rezende Ramos,(31) 95742-1613,Ana Barbosa Campos,(92) 92758-6489
202500136,Ruan Teixeira Santana,M,28/03/2016,ruan.santana202500136@escola.edu.br,4A_EF1,Danilo Freitas Fernandes,(41) 92845-6417,Natália Azevedo Freitas,(62) 95215-4050
202500137,Henrique Rezende Vieira,M,20/03/2015,henrique.vieira202500137@escola.edu.br,4A_EF1,Roberto Nunes Xavier,(71) 99442-6372,Larissa Nunes Cavalcante,(21) 94027-3303
202500138,Paulo Silva Sousa,M,15/04/2016,paulo.sousa202500138@escola.edu.br,4A_EF1,Yago Fernandes Dias,(51) 91187-5285,Valentina Andrade Monteiro,(41) 92017-2936
202500139,Daniel Nunes Cunha,M,04/12/2016,daniel.cunha202500139@escola.edu.br,4A_EF1,Roberto Vieira Andrade,(92) 94618-4590,Manuela Cardoso Gomes,(81) 97121-7813
202500140,Luana Melo Teixeira,F,22/04/2015,luana.teixeira202500140@escola.edu.br,4A_EF1,Yago Pinto Rezende,(21) 99609-8319,Renata Guimarães Andrade,(21) 92838-2011
202500141,Patrícia Martins Campos,F,11/03/2015,patricia.campos202500141@escola.edu.br,4A_EF1,Tiago Mendes Pereira,(62) 94365-9008,Larissa Gonçalves Mendes,(48) 91911-8429
202500142,Igor Freitas Campos,M,15/09/2015,igor.campos202500142@escola.edu.br,4A_EF1,Cauã Farias Barbosa,(47) 91356-7487,Sofia Xavier Silva,(47) 94570-2196
202500143,Ricardo Monteiro Rodrigues,M,16/02/2015,ricardo.rodrigues202500143@escola.edu.br,4A_EF1,Lucas Vieira Marques,(31) 93218-7887,Daniela Moreira Mendes,(65) 97184-7154
202500144,Kaique Teixeira Lima,M,06/02/2016,kaique.lima202500144@escola.edu.br,4A_EF1,Guilherme Nunes Santana,(31) 94648-1056,Laís Santos Barbosa,(81) 99920-7948
202500145,Raquel Lopes Freitas,F,09/03/2016,raquel.freitas202500145@escola.edu.br,4A_EF1,André Azevedo Melo,(21) 91527-7868,Bárbara Brito Santos,(41) 94376-2102
202500146,Lucas Mendes Pinto,M,24/04/2015,lucas.pinto202500146@escola.edu.br,4A_EF1,Lucas Nunes Mendes,(41) 99843-4559,Laís Brito Souza,(31) 99255-5739
202500147,Murilo Campos Rocha,M,10/04/2016,murilo.rocha202500147@escola.edu.br,4A_EF1,Rodrigo Cavalcante Santana,(41) 97775-5923,Vanessa Souza Castro,(92) 93869-7999
202500148,Fernanda Nascimento Borges,F,11/09/2016,fernanda.borges202500148@escola.edu.br,4B_EF1,Enzo Marques Marques,(31) 95913-7167,Paula Melo Teixeira,(81) 94948-4692
202500149,Davi Gomes Farias,M,18/01/2016,davi.farias202500149@escola.edu.br,4B_EF1,Igor Marques Castro,(85) 93196-7363,Sabrina Sousa Carvalho,(61) 92295-8369
202500150,Larissa Teixeira Azevedo,F,09/01/2015,larissa.azevedo202500150@escola.edu.br,4B_EF1,Marcelo Cunha Pinto,(92) 91647-2192,Priscila Farias Melo,(92) 94555-8854
202500151,Henrique Barbosa Silva,M,24/04/2015,henrique.silva202500151@escola.edu.br,4B_EF1,Bruno Duarte Melo,(81) 94974-4350,Elisa Lopes Castro,(61) 95637-7236
202500152,Ruan Nascimento Barbosa,M,17/06/2016,ruan.barbosa202500152@escola.edu.br,4B_EF1,Fábio Freitas Alves,(48) 98692-6246,Rafaela Andrade Rocha,(71) 91749-4625
202500153,Beatriz Sousa Castro,F,05/05/2016,beatriz.castro202500153@escola.edu.br,4B_EF1,André Dias Almeida,(71) 95026-9180,Tatiana Borges Cunha,(61) 95216-9005
202500154,Valentina Duarte Ramos,F,24/03/2016,valentina.ramos202500154@escola.edu.br,4B_EF1,Ricardo Costa Lima,(47) 99954-9000,Paula Teixeira Borges,(11) 99584-1554
202500155,Juliana Xavier Cavalcante,F,14/01/2015,juliana.cavalcante202500155@escola.edu.br,4B_EF1,Gustavo Correia Almeida,(21) 93474-1149,Rafaela Gonçalves Freitas,(61) 91990-8916
202500156,Beatriz Silva Teixeira,F,01/01/2016,beatriz.teixeira202500156@escola.edu.br,4B_EF1,Tiago Azevedo Fernandes,(85) 95697-1280,Patrícia Xavier Monteiro,(62) 98054-3937
202500157,Rafael Santana Gomes,M,20/04/2015,rafael.gomes202500157@escola.edu.br,4B_EF1,Tiago Sousa Xavier,(61) 95379-7502,Larissa Andrade Nunes,(81) 94984-4700
202500158,Felipe Borges Borges,M,13/02/2015,felipe.borges202500158@escola.edu.br,4B_EF1,Marcelo Moreira Castro,(81) 91919-1154,Giovanna Costa Ferreira,(81) 98109-6427
202500159,Letícia Santana Oliveira,F,28/04/2015,leticia.oliveira202500159@escola.edu.br,4B_EF1,Enzo Campos Cardoso,(51) 91762-2218,Alice Fernandes Teixeira,(92) 91539-3938
202500160,Amanda Santos Carvalho,F,27/12/2015,amanda.carvalho202500160@escola.edu.br,4B_EF1,Caio Rodrigues Barbosa,(31) 94939-7375,Alice Teixeira Dias,(71) 93292-2284
202500161,Carolina Souza Alves,F,27/04/2016,carolina.alves202500161@escola.edu.br,4B_EF1,Matheus Dias Pinto,(48) 97499-6347,Beatriz Correia Fernandes,(48) 98381-9038
202500162,Luiz Moreira Machado,M,19/11/2015,luiz.machado202500162@escola.edu.br,4B_EF1,Kaique Moreira Ferreira,(48) 95839-5037,Eduarda Rodrigues Ferreira,(51) 93526-7225
202500163,Helena Gomes Duarte,F,12/06/2016,helena.duarte202500163@escola.edu.br,4B_EF1,Rafael Ferreira Silva,(51) 98286-6896,Laís Fernandes Alves,(31) 92430-4070
202500164,Luiz Castro Gonçalves,M,01/02/2016,luiz.goncalves202500164@escola.edu.br,4B_EF1,Felipe Nascimento Castro,(21) 96315-7311,Ana Vieira Marques,(71) 92387-4977
202500165,Natália Cunha Moreira,F,09/03/2015,natalia.moreira202500165@escola.edu.br,4B_EF1,Diego Fernandes Ramos,(31) 92036-3739,Isabela Fernandes Marques,(51) 98933-2260
202500166,Paulo Azevedo Correia,M,20/10/2016,paulo.correia202500166@escola.edu.br,4B_EF1,André Freitas Alves,(31) 95991-1110,Elisa Dias Moura,(71) 96399-8212
202500167,Ruan Pinto Lima,M,20/06/2016,ruan.lima202500167@escola.edu.br,4B_EF1,Enzo Martins Cardoso,(61) 93910-7524,Amanda Vieira Duarte,(47) 99044-4971
202500168,Leonardo Xavier Rezende,M,04/06/2016,leonardo.rezende202500168@escola.edu.br,4B_EF1,Antônio Martins Araújo,(85) 93947-1440,Rebeca Freitas Guimarães,(41) 98183-5773
202500169,Juliana Xavier Rezende,F,16/11/2015,juliana.rezende202500169@escola.edu.br,5A_EF1,Gustavo Correia Barbosa,(41) 95139-3525,Eduarda Machado Rezende,(71) 92211-8357
202500170,Luana Araújo Nunes,F,02/09/2015,luana.nunes202500170@escola.edu.br,5A_EF1,Alexandre Monteiro Farias,(85) 92392-2791,Nathalia Lopes Cavalcante,(62) 96816-3725
202500171,Camila Campos Borges,F,26/06/2015,camila.borges202500171@escola.edu.br,5A_EF1,Vitor Alves Silva,(21) 95239-4637,Patrícia Duarte Santana,(85) 94621-8303
202500172,Renato Brito Cunha,M,01/06/2014,renato.cunha202500172@escola.edu.br,5A_EF1,Sérgio Alves Vieira,(71) 92406-2901,Rebeca Gomes Nascimento,(51) 96620-8460
202500173,Renata Cardoso Nascimento,F,15/02/2015,renata.nascimento202500173@escola.edu.br,5A_EF1,Murilo Monteiro Mendes,(61) 92100-5919,Camila Farias Guimarães,(21) 91370-6620
202500174,Alice Farias Costa,F,06/09/2014,alice.costa202500174@escola.edu.br,5A_EF1,Luiz Costa Dias,(85) 97985-8570,Raquel Farias Nunes,(62) 94022-4053
202500175,Isabela Nunes Santos,F,19/08/2014,isabela.santos202500175@escola.edu.br,5A_EF1,Vitor Moreira Silva,(47) 94519-4371,Vanessa Melo Guimarães,(48) 92025-2667
202500176,Sandra Ribeiro Andrade,F,15/04/2015,sandra.andrade202500176@escola.edu.br,5A_EF1,Bruno Sousa Cavalcante,(65) 99019-9646,Helena Rocha Pinto,(71) 97431-2871
202500177,Renato Moura Ribeiro,M,19/10/2015,renato.ribeiro202500177@escola.edu.br,5A_EF1,Felipe Cunha Lima,(61) 92931-4908,Yasmin Pereira Ribeiro,(61) 93316-9369
202500178,Francisco Lima Campos,M,06/07/2015,francisco.campos202500178@escola.edu.br,5A_EF1,Fábio Correia Teixeira,(47) 93838-3733,Maria Vieira Lima,(31) 96154-8389
202500179,Carolina Silva Ramos,F,27/04/2014,carolina.ramos202500179@escola.edu.br,5A_EF1,Marcelo Castro Gonçalves,(62) 99109-7703,Alice Ramos Marques,(47) 98272-9006
202500180,Antônio Santos Rezende,M,02/05/2014,antonio.rezende202500180@escola.edu.br,5A_EF1,Leonardo Almeida Teixeira,(51) 93755-8492,Thaís Duarte Brito,(48) 99115-9369
202500181,Bruno Fernandes Brito,M,27/09/2015,bruno.brito202500181@escola.edu.br,5A_EF1,Yago Oliveira Melo,(47) 98231-9951,Rafaela Machado Alves,(47) 95055-5877
202500182,Camila Mendes Sousa,F,15/02/2015,camila.sousa202500182@escola.edu.br,5A_EF1,Bruno Brito Farias,(41) 94438-6744,Eduarda Moura Correia,(71) 93719-3281
202500183,Rafaela Farias Souza,F,09/09/2015,rafaela.souza202500183@escola.edu.br,5A_EF1,Francisco Teixeira Costa,(61) 95794-5740,Thaís Fernandes Gonçalves,(62) 92560-3221
202500184,Gabriela Souza Fernandes,F,28/12/2014,gabriela.fernandes202500184@escola.edu.br,5A_EF1,Gustavo Lopes Gomes,(47) 96277-5055,Laís Cunha Nunes,(81) 93329-5402
202500185,Débora Mendes Rodrigues,F,17/07/2014,debora.rodrigues202500185@escola.edu.br,5A_EF1,Nicolás Fernandes Monteiro,(61) 98449-8996,Amanda Araújo Silva,(65) 92526-8511
202500186,Giovanna Nascimento Rodrigues,F,14/04/2015,giovanna.rodrigues202500186@escola.edu.br,5A_EF1,Carlos Ramos Fernandes,(61) 95646-6533,Tatiana Campos Lima,(92) 98951-6631
202500187,Laís Souza Oliveira,F,26/11/2014,lais.oliveira202500187@escola.edu.br,5A_EF1,Renato Santos Pereira,(65) 93588-8230,Laura Silva Machado,(41) 93161-5945
202500188,Leonardo Ferreira Borges,M,03/05/2015,leonardo.borges202500188@escola.edu.br,5A_EF1,Alexandre Cavalcante Borges,(31) 91848-7493,Helena Barbosa Azevedo,(47) 94836-8032
202500189,Eduarda Alves Silva,F,03/08/2014,eduarda.silva202500189@escola.edu.br,5A_EF1,Gustavo Araújo Almeida,(85) 98291-1152,Ana Monteiro Dias,(65) 92975-7919
202500190,Luana Rodrigues Almeida,F,24/02/2015,luana.almeida202500190@escola.edu.br,5B_EF1,Rafael Alves Rocha,(61) 95902-3246,Débora Brito Xavier,(48) 93181-3340
202500191,Antônio Silva Moura,M,12/08/2014,antonio.moura202500191@escola.edu.br,5B_EF1,Murilo Carvalho Correia,(47) 93480-7745,Bárbara Cunha Mendes,(65) 94559-2420
202500192,Manuela Melo Pereira,F,14/06/2015,manuela.pereira202500192@escola.edu.br,5B_EF1,Victor Rezende Lima,(41) 95537-2380,Sabrina Castro Pinto,(92) 95668-1439
202500193,Isadora Barbosa Carvalho,F,13/12/2014,isadora.carvalho202500193@escola.edu.br,5B_EF1,Fernando Borges Souza,(48) 94921-9108,Débora Pereira Lopes,(81) 92163-9655
202500194,Ana Andrade Rocha,F,28/07/2014,ana.rocha202500194@escola.edu.br,5B_EF1,Antônio Marques Andrade,(85) 93830-8717,Nathalia Rodrigues Santos,(92) 92106-1225
202500195,Lucas Souza Rezende,M,10/09/2015,lucas.rezende202500195@escola.edu.br,5B_EF1,Roberto Guimarães Gonçalves,(48) 97806-7939,Giovanna Nunes Ferreira,(62) 99791-9808
202500196,Vanessa Ferreira Barbosa,F,07/09/2014,vanessa.barbosa202500196@escola.edu.br,5B_EF1,Rodrigo Teixeira Rocha,(71) 92083-6081,Giovanna Machado Azevedo,(65) 94909-1948
202500197,Vitor Pereira Freitas,M,22/05/2014,vitor.freitas202500197@escola.edu.br,5B_EF1,Nicolás Cavalcante Duarte,(31) 92956-1207,Eduarda Lima Monteiro,(11) 93684-9133
202500198,Renata Santana Rezende,F,12/03/2015,renata.rezende202500198@escola.edu.br,5B_EF1,Gustavo Duarte Brito,(65) 95403-2934,Nathalia Santos Dias,(48) 98034-5456
202500199,Sofia Guimarães Campos,F,15/08/2014,sofia.campos202500199@escola.edu.br,5B_EF1,Danilo Andrade Souza,(81) 93734-7024,Natália Sousa Brito,(21) 92889-4742
202500200,Ana Oliveira Silva,F,16/01/2014,ana.silva202500200@escola.edu.br,5B_EF1,Alexandre Moreira Gomes,(31) 91579-7870,Raquel Rocha Lopes,(71) 96241-5444
202500201,Thaís Andrade Pereira,F,08/03/2014,thais.pereira202500201@escola.edu.br,5B_EF1,Tiago Oliveira Nunes,(21) 98620-5625,Nathalia Barbosa Rocha,(21) 98483-1130
202500202,Fernando Campos Rezende,M,20/12/2015,fernando.rezende202500202@escola.edu.br,5B_EF1,Paulo Freitas Andrade,(92) 99083-4201,Rebeca Teixeira Melo,(48) 95016-3466
202500203,Igor Santos Almeida,M,27/11/2015,igor.almeida202500203@escola.edu.br,5B_EF1,Enzo Silva Dias,(11) 97164-6038,Letícia Carvalho Santana,(41) 97878-9061
202500204,Mariana Guimarães Fernandes,F,08/01/2014,mariana.fernandes202500204@escola.edu.br,5B_EF1,Tiago Marques Monteiro,(61) 98511-2391,Viviane Alves Gonçalves,(31) 97461-2226
202500205,Fernanda Machado Cavalcante,F,10/04/2014,fernanda.cavalcante202500205@escola.edu.br,5B_EF1,Thiago Rocha Farias,(71) 96345-6211,Joana Fernandes Almeida,(21) 94321-3230
202500206,Viviane Alves Gomes,F,15/03/2014,viviane.gomes202500206@escola.edu.br,5B_EF1,Renato Rocha Marques,(21) 99780-6870,Nathalia Carvalho Mendes,(51) 98591-5341
202500207,Larissa Costa Farias,F,23/12/2015,larissa.farias202500207@escola.edu.br,5B_EF1,Francisco Oliveira Carvalho,(65) 96370-3430,Larissa Guimarães Lopes,(61) 97492-9412
202500208,Diego Sousa Xavier,M,13/01/2014,diego.xavier202500208@escola.edu.br,5B_EF1,Leandro Castro Duarte,(85) 95093-2551,Laura Alves Farias,(48) 93290-2989
202500209,Samuel Almeida Lima,M,12/07/2014,samuel.lima202500209@escola.edu.br,5B_EF1,Cauã Correia Borges,(21) 95240-2228,Beatriz Rodrigues Martins,(62) 98265-3110
202500210,Henrique Pereira Oliveira,M,06/01/2015,henrique.oliveira202500210@escola.edu.br,5B_EF1,Antônio Machado Xavier,(47) 97471-9128,Beatriz Moreira Cunha,(71) 93831-6799
202500211,Eduardo Fernandes Fernandes,M,02/03/2014,eduardo.fernandes202500211@escola.edu.br,6A_EF2,Jorge Moura Moura,(41) 95835-9173,Gabriela Castro Cardoso,(11) 92437-5583
202500212,Igor Martins Borges,M,26/11/2013,igor.borges202500212@escola.edu.br,6A_EF2,Guilherme Rezende Santos,(71) 96883-8859,Sandra Rezende Ramos,(61) 99231-6269
202500213,Eduardo Santos Rocha,M,26/01/2013,eduardo.rocha202500213@escola.edu.br,6A_EF2,Samuel Fernandes Souza,(48) 98728-9674,Carolina Brito Araújo,(41) 93615-2640
202500214,Paulo Fernandes Teixeira,M,19/04/2013,paulo.teixeira202500214@escola.edu.br,6A_EF2,Marcelo Nascimento Ribeiro,(31) 94875-6210,Clarice Monteiro Nascimento,(92) 91462-6761
202500215,Thaís Gomes Campos,F,18/08/2013,thais.campos202500215@escola.edu.br,6A_EF2,Diego Ribeiro Ramos,(11) 92478-1920,Raquel Pinto Almeida,(11) 99625-8831
202500216,Jorge Martins Farias,M,23/06/2013,jorge.farias202500216@escola.edu.br,6A_EF2,Eduardo Farias Rocha,(11) 91359-3420,Viviane Guimarães Gomes,(48) 92817-9622
202500217,Juliana Andrade Guimarães,F,04/10/2014,juliana.guimaraes202500217@escola.edu.br,6A_EF2,Henrique Barbosa Rocha,(31) 93580-8157,Helena Ramos Borges,(61) 93854-6846
202500218,José Xavier Ribeiro,M,24/05/2014,jose.ribeiro202500218@escola.edu.br,6A_EF2,Enzo Vieira Lima,(31) 91029-7415,Nathalia Campos Oliveira,(31) 96213-4619
202500219,Letícia Ramos Gomes,F,03/12/2014,leticia.gomes202500219@escola.edu.br,6A_EF2,Paulo Nascimento Rocha,(31) 92453-6500,Joana Silva Sousa,(41) 95088-2110
202500220,Rafael Azevedo Silva,M,15/07/2013,rafael.silva202500220@escola.edu.br,6A_EF2,Murilo Marques Costa,(71) 99078-7204,Carolina Teixeira Moreira,(21) 98855-4695
202500221,Matheus Farias Oliveira,M,11/01/2014,matheus.oliveira202500221@escola.edu.br,6A_EF2,Thiago Alves Rodrigues,(61) 93787-7151,Natália Azevedo Rodrigues,(85) 92525-6536
202500222,Bárbara Cardoso Guimarães,F,21/07/2013,barbara.guimaraes202500222@escola.edu.br,6A_EF2,Daniel Pinto Machado,(31) 91877-2659,Bruna Carvalho Martins,(71) 99849-5346
202500223,Yasmin Lopes Alves,F,19/07/2013,yasmin.alves202500223@escola.edu.br,6A_EF2,Luiz Ramos Gomes,(11) 96911-1062,Isabela Ferreira Vieira,(65) 98869-4271
202500224,Carlos Costa Correia,M,16/02/2014,carlos.correia202500224@escola.edu.br,6A_EF2,Bruno Barbosa Rezende,(71) 98715-9013,Isadora Sousa Ferreira,(62) 99914-7349
202500225,Marcelo Andrade Ribeiro,M,09/01/2014,marcelo.ribeiro202500225@escola.edu.br,6A_EF2,Leandro Freitas Sousa,(41) 95400-2009,Mariana Melo Monteiro,(62) 92584-2404
202500226,Sandra Marques Melo,F,02/09/2013,sandra.melo202500226@escola.edu.br,6A_EF2,Marcelo Xavier Santana,(71) 99773-8779,Thaís Lopes Cardoso,(51) 92293-7468
202500227,Eduarda Oliveira Gonçalves,F,25/02/2013,eduarda.goncalves202500227@escola.edu.br,6A_EF2,Leandro Ribeiro Costa,(41) 94157-3067,Camila Machado Ferreira,(62) 98133-4308
202500228,Helena Gomes Pinto,F,24/06/2014,helena.pinto202500228@escola.edu.br,6A_EF2,Matheus Ferreira Moreira,(85) 97510-6343,Vanessa Santana Freitas,(65) 91202-9561
202500229,Lívia Marques Gomes,F,19/10/2013,livia.gomes202500229@escola.edu.br,6A_EF2,José Melo Alves,(21) 92654-5687,Sandra Nascimento Marques,(51) 97275-8955
202500230,Luana Oliveira Ribeiro,F,05/07/2014,luana.ribeiro202500230@escola.edu.br,6A_EF2,Jorge Pinto Cunha,(47) 97581-1635,Elisa Dias Monteiro,(41) 91807-8785
202500231,Daniela Santos Dias,F,09/05/2014,daniela.dias202500231@escola.edu.br,6A_EF2,Fábio Monteiro Cunha,(21) 94734-3201,Yasmin Duarte Mendes,(48) 96257-5414
202500232,Aline Borges Ferreira,F,07/08/2013,aline.ferreira202500232@escola.edu.br,6B_EF2,Igor Duarte Ramos,(48) 99462-7126,Fernanda Gonçalves Rezende,(31) 92075-6097
202500233,Elisa Lima Brito,F,07/03/2013,elisa.brito202500233@escola.edu.br,6B_EF2,André Souza Lopes,(11) 98478-1828,Daniela Guimarães Martins,(51) 97035-8605
202500234,Helena Pereira Cunha,F,12/04/2013,helena.cunha202500234@escola.edu.br,6B_EF2,Fábio Pinto Mendes,(31) 98775-6730,Carolina Costa Sousa,(47) 92480-5670
202500235,Gabriel Costa Campos,M,21/04/2013,gabriel.campos202500235@escola.edu.br,6B_EF2,Marcos Cunha Carvalho,(51) 97709-9409,Beatriz Brito Brito,(62) 91145-8767
202500236,Valentina Ribeiro Pinto,F,09/04/2013,valentina.pinto202500236@escola.edu.br,6B_EF2,Francisco Farias Barbosa,(47) 95511-7943,Débora Nascimento Freitas,(51) 94575-8646
202500237,Tiago Xavier Moura,M,04/10/2014,tiago.moura202500237@escola.edu.br,6B_EF2,João Gonçalves Cavalcante,(65) 97131-5631,Yasmin Cunha Alves,(81) 92045-6509
202500238,Helena Rocha Fernandes,F,23/11/2014,helena.fernandes202500238@escola.edu.br,6B_EF2,Ruan Barbosa Martins,(31) 99475-4937,Fernanda Farias Farias,(48) 97620-6236
202500239,Rebeca Santos Borges,F,09/05/2014,rebeca.borges202500239@escola.edu.br,6B_EF2,Igor Nunes Moreira,(47) 91578-4111,Bruna Azevedo Guimarães,(41) 99759-8794
202500240,Isadora Nascimento Gonçalves,F,27/03/2014,isadora.goncalves202500240@escola.edu.br,6B_EF2,Kaique Castro Ribeiro,(51) 92599-8713,Manuela Duarte Sousa,(47) 93999-6499
202500241,Raquel Nascimento Almeida,F,26/07/2014,raquel.almeida202500241@escola.edu.br,6B_EF2,Henrique Andrade Sousa,(92) 95817-8598,Lívia Cardoso Souza,(65) 92166-8736
202500242,Patrícia Pereira Cunha,F,10/09/2014,patricia.cunha202500242@escola.edu.br,6B_EF2,Igor Souza Gomes,(31) 94281-6614,Gabriela Campos Freitas,(31) 96183-3954
202500243,Maria Dias Correia,F,21/06/2013,maria.correia202500243@escola.edu.br,6B_EF2,Gabriel Silva Mendes,(51) 94430-3762,Thaís Melo Costa,(81) 92442-3120
202500244,Helena Machado Nunes,F,13/08/2014,helena.nunes202500244@escola.edu.br,6B_EF2,João Oliveira Teixeira,(41) 97112-1230,Amanda Melo Santana,(41) 91293-1067
202500245,Sabrina Almeida Monteiro,F,05/05/2014,sabrina.monteiro202500245@escola.edu.br,6B_EF2,Rafael Moreira Gonçalves,(92) 96015-3736,Juliana Xavier Oliveira,(51) 95764-8469
202500246,Aline Santana Dias,F,05/11/2014,aline.dias202500246@escola.edu.br,6B_EF2,Henrique Ramos Nascimento,(48) 94087-3701,Elisa Santos Almeida,(41) 93149-4460
202500247,Viviane Gonçalves Costa,F,23/06/2013,viviane.costa202500247@escola.edu.br,6B_EF2,Ruan Rezende Oliveira,(71) 95190-9761,Bárbara Souza Pinto,(11) 92771-1323
202500248,Bruno Marques Mendes,M,18/02/2014,bruno.mendes202500248@escola.edu.br,6B_EF2,Thiago Cardoso Monteiro,(31) 94366-1152,Yasmin Marques Cavalcante,(21) 99524-5423
202500249,Giovanna Lima Marques,F,24/09/2013,giovanna.marques202500249@escola.edu.br,6B_EF2,Jorge Pereira Vieira,(21) 92741-9154,Priscila Pinto Martins,(48) 95308-9571
202500250,Carolina Guimarães Marques,F,02/03/2014,carolina.marques202500250@escola.edu.br,6B_EF2,Luiz Ramos Carvalho,(47) 98875-6416,Sabrina Silva Silva,(62) 92458-2809
202500251,Isadora Ramos Gomes,F,03/09/2013,isadora.gomes202500251@escola.edu.br,6B_EF2,Murilo Azevedo Alves,(51) 94787-8483,Vitória Sousa Freitas,(11) 92635-3862
202500252,Vitória Andrade Farias,F,24/07/2014,vitoria.farias202500252@escola.edu.br,6B_EF2,Bruno Alves Melo,(11) 91158-3267,Isadora Borges Costa,(61) 96857-8171
202500253,Vanessa Azevedo Ferreira,F,06/06/2013,vanessa.ferreira202500253@escola.edu.br,7A_EF2,Bruno Nunes Nunes,(81) 95453-7319,Giovanna Cardoso Farias,(71) 93732-2852
202500254,Murilo Souza Costa,M,19/07/2012,murilo.costa202500254@escola.edu.br,7A_EF2,Sérgio Farias Campos,(62) 98178-3969,Bárbara Moreira Brito,(61) 91472-3140
202500255,Fábio Pereira Marques,M,03/01/2013,fabio.marques202500255@escola.edu.br,7A_EF2,Thiago Borges Rocha,(11) 99598-4669,Isadora Dias Santana,(85) 92560-8091
202500256,Sabrina Cardoso Nascimento,F,27/03/2013,sabrina.nascimento202500256@escola.edu.br,7A_EF2,Luiz Moura Souza,(11) 93571-9283,Luana Ramos Costa,(21) 99055-6253
202500257,Leonardo Souza Gonçalves,M,21/09/2012,leonardo.goncalves202500257@escola.edu.br,7A_EF2,Marcelo Nunes Xavier,(41) 92291-8521,Joana Farias Campos,(81) 92442-9166
202500258,Bruno Ramos Duarte,M,13/02/2012,bruno.duarte202500258@escola.edu.br,7A_EF2,Igor Oliveira Castro,(85) 91002-2489,Aline Moura Correia,(51) 99328-4389
202500259,Laura Dias Andrade,F,28/04/2012,laura.andrade202500259@escola.edu.br,7A_EF2,Renato Dias Castro,(48) 98751-6952,Eduarda Mendes Pereira,(21) 94633-1035
202500260,Roberto Farias Vieira,M,04/12/2013,roberto.vieira202500260@escola.edu.br,7A_EF2,Lucas Costa Ramos,(31) 97704-2752,Sofia Moura Martins,(41) 92978-7437
202500261,André Guimarães Dias,M,02/07/2012,andre.dias202500261@escola.edu.br,7A_EF2,Roberto Cunha Araújo,(21) 98381-8493,Isadora Araújo Gonçalves,(31) 99172-1071
202500262,Fernanda Castro Machado,F,25/09/2013,fernanda.machado202500262@escola.edu.br,7A_EF2,Eduardo Monteiro Araújo,(31) 93103-2696,Débora Cavalcante Pinto,(92) 96273-9259
202500263,Gabriela Pinto Monteiro,F,13/05/2012,gabriela.monteiro202500263@escola.edu.br,7A_EF2,Henrique Vieira Mendes,(48) 93185-3263,Gabriela Pinto Monteiro,(47) 99393-5897
202500264,Tatiana Rocha Guimarães,F,07/04/2012,tatiana.guimaraes202500264@escola.edu.br,7A_EF2,Jorge Guimarães Vieira,(62) 96657-3173,Eduarda Borges Ribeiro,(85) 99888-6281
202500265,Laís Nascimento Castro,F,19/10/2013,lais.castro202500265@escola.edu.br,7A_EF2,Kaique Guimarães Marques,(62) 99747-5684,Isabela Farias Silva,(85) 92744-1414
202500266,Gabriel Cavalcante Souza,M,25/05/2012,gabriel.souza202500266@escola.edu.br,7A_EF2,Daniel Vieira Cunha,(51) 93399-2016,Giovanna Rezende Vieira,(41) 99866-1529
202500267,Leandro Alves Moura,M,21/12/2012,leandro.moura202500267@escola.edu.br,7A_EF2,Luiz Moreira Lopes,(85) 95712-1769,Débora Moreira Marques,(48) 96122-1881
202500268,Thiago Martins Moura,M,21/04/2013,thiago.moura202500268@escola.edu.br,7A_EF2,Davi Guimarães Borges,(61) 99955-4218,Nathalia Azevedo Martins,(51) 98353-3906
202500269,Juliana Ribeiro Ribeiro,F,02/07/2012,juliana.ribeiro202500269@escola.edu.br,7A_EF2,Vitor Fernandes Castro,(51) 93131-3636,Viviane Sousa Silva,(61) 98640-3536
202500270,Victor Pinto Souza,M,26/08/2013,victor.souza202500270@escola.edu.br,7A_EF2,Antônio Castro Nascimento,(21) 96207-9608,Raquel Ribeiro Santana,(21) 99276-3611
202500271,Guilherme Nunes Ferreira,M,07/04/2013,guilherme.ferreira202500271@escola.edu.br,7A_EF2,Kaique Dias Dias,(61) 95809-4579,Laís Moura Santana,(81) 91144-2879
202500272,Joana Lopes Borges,F,22/01/2012,joana.borges202500272@escola.edu.br,7A_EF2,Victor Moreira Rezende,(21) 97322-5203,Sandra Azevedo Vieira,(11) 99468-7143
202500273,Patrícia Mendes Ramos,F,21/05/2012,patricia.ramos202500273@escola.edu.br,7A_EF2,André Rocha Gonçalves,(21) 92572-3742,Nathalia Teixeira Teixeira,(11) 92072-4453
202500274,Nathalia Carvalho Cunha,F,07/02/2013,nathalia.cunha202500274@escola.edu.br,7B_EF2,Guilherme Monteiro Duarte,(48) 98130-2181,Clarice Cunha Gomes,(11) 98523-6434
202500275,Matheus Souza Ribeiro,M,03/09/2013,matheus.ribeiro202500275@escola.edu.br,7B_EF2,Antônio Xavier Almeida,(51) 97678-7357,Joana Correia Nunes,(71) 96183-1276
202500276,Bruno Teixeira Silva,M,19/12/2012,bruno.silva202500276@escola.edu.br,7B_EF2,Lucas Monteiro Rodrigues,(61) 99238-2738,Vitória Rezende Cunha,(51) 92417-5612
202500277,Joana Moreira Nunes,F,06/08/2012,joana.nunes202500277@escola.edu.br,7B_EF2,Guilherme Almeida Lima,(47) 97406-9941,Vitória Correia Gomes,(51) 97113-1182
202500278,Tatiana Gomes Pereira,F,19/01/2012,tatiana.pereira202500278@escola.edu.br,7B_EF2,Francisco Nunes Teixeira,(85) 92394-5992,Rafaela Duarte Duarte,(47) 96633-4469
202500279,Ruan Gonçalves Gomes,M,08/03/2012,ruan.gomes202500279@escola.edu.br,7B_EF2,Jorge Sousa Martins,(21) 93971-1891,Laís Castro Freitas,(62) 92198-5762
202500280,Sofia Alves Martins,F,12/06/2013,sofia.martins202500280@escola.edu.br,7B_EF2,Gustavo Cavalcante Borges,(41) 92639-5671,Bárbara Rodrigues Martins,(61) 98960-8383
202500281,Kaique Barbosa Monteiro,M,19/10/2012,kaique.monteiro202500281@escola.edu.br,7B_EF2,Alexandre Farias Rocha,(71) 93762-1079,Amanda Lopes Rezende,(41) 98145-5533
202500282,Manuela Cunha Azevedo,F,15/08/2013,manuela.azevedo202500282@escola.edu.br,7B_EF2,Leandro Nascimento Brito,(51) 98978-2783,Paula Borges Pinto,(21) 95597-3293
202500283,Priscila Sousa Azevedo,F,03/12/2012,priscila.azevedo202500283@escola.edu.br,7B_EF2,Pedro Gonçalves Correia,(11) 97637-4485,Camila Castro Sousa,(85) 99842-8734
202500284,Mariana Andrade Nunes,F,24/10/2012,mariana.nunes202500284@escola.edu.br,7B_EF2,Fernando Lima Freitas,(85) 99362-2483,Elisa Andrade Gonçalves,(11) 94913-3717
202500285,Manuela Mendes Costa,F,19/10/2012,manuela.costa202500285@escola.edu.br,7B_EF2,Kaique Gomes Duarte,(47) 98921-6878,Camila Almeida Melo,(81) 94796-2029
202500286,Marcos Oliveira Cavalcante,M,26/09/2012,marcos.cavalcante202500286@escola.edu.br,7B_EF2,Alexandre Moreira Cardoso,(81) 91760-1653,Valentina Rocha Alves,(47) 99542-5480
202500287,Sofia Araújo Teixeira,F,21/07/2012,sofia.teixeira202500287@escola.edu.br,7B_EF2,Marcelo Andrade Araújo,(62) 92275-9465,Sofia Moreira Almeida,(85) 97649-6781
202500288,Carolina Ramos Rezende,F,01/10/2013,carolina.rezende202500288@escola.edu.br,7B_EF2,Danilo Lima Mendes,(31) 94768-2263,Patrícia Borges Fernandes,(41) 93461-4062
202500289,Francisco Guimarães Xavier,M,08/11/2012,francisco.xavier202500289@escola.edu.br,7B_EF2,Igor Farias Dias,(47) 92856-8889,Alice Cardoso Cardoso,(41) 93641-7732
202500290,Lucas Lima Campos,M,21/03/2012,lucas.campos202500290@escola.edu.br,7B_EF2,Danilo Oliveira Campos,(31) 91916-3725,Sofia Ribeiro Santana,(71) 91305-5644
202500291,Rafaela Mendes Pinto,F,06/08/2013,rafaela.pinto202500291@escola.edu.br,7B_EF2,Marcos Marques Pinto,(31) 93979-9369,Sofia Costa Azevedo,(62) 96614-8429
202500292,Juliana Almeida Moreira,F,04/03/2013,juliana.moreira202500292@escola.edu.br,7B_EF2,Pedro Martins Santana,(65) 99263-7877,Mariana Pinto Alves,(31) 98796-1639
202500293,Sandra Gonçalves Melo,F,16/02/2012,sandra.melo202500293@escola.edu.br,7B_EF2,Kaique Lima Pinto,(85) 91019-8069,Renata Marques Andrade,(65) 91711-9680
202500294,Sérgio Rezende Brito,M,19/06/2013,sergio.brito202500294@escola.edu.br,7B_EF2,Nicolás Melo Monteiro,(92) 92600-7971,Manuela Sousa Cardoso,(48) 94809-2373
202500295,Guilherme Marques Sousa,M,23/01/2011,guilherme.sousa202500295@escola.edu.br,8A_EF2,Nicolás Rezende Silva,(92) 99561-2930,Renata Silva Moreira,(62) 94365-6175
202500296,Rafael Gomes Machado,M,28/05/2012,rafael.machado202500296@escola.edu.br,8A_EF2,Guilherme Machado Campos,(61) 95514-7511,Laís Carvalho Marques,(85) 98904-3928
202500297,Luiz Cardoso Sousa,M,12/10/2012,luiz.sousa202500297@escola.edu.br,8A_EF2,Samuel Guimarães Nunes,(47) 93262-2951,Clarice Almeida Mendes,(48) 93650-2642
202500298,Caio Rezende Dias,M,13/03/2011,caio.dias202500298@escola.edu.br,8A_EF2,Roberto Silva Farias,(21) 93381-8727,Aline Machado Ferreira,(21) 95310-4633
202500299,Francisco Oliveira Azevedo,M,20/07/2012,francisco.azevedo202500299@escola.edu.br,8A_EF2,Ruan Santana Vieira,(47) 91941-3871,Helena Ramos Mendes,(11) 94304-9489
202500300,Lucas Rezende Pinto,M,06/10/2011,lucas.pinto202500300@escola.edu.br,8A_EF2,Cauã Oliveira Andrade,(41) 91004-3579,Larissa Fernandes Brito,(71) 96785-7474
202500301,André Santana Silva,M,18/02/2011,andre.silva202500301@escola.edu.br,8A_EF2,Fernando Azevedo Castro,(92) 96703-6693,Vanessa Almeida Pinto,(41) 98450-7618
202500302,Sofia Ribeiro Marques,F,03/09/2011,sofia.marques202500302@escola.edu.br,8A_EF2,Danilo Vieira Dias,(21) 99409-5222,Sandra Xavier Rezende,(92) 95098-8254
202500303,Thaís Cardoso Brito,F,25/06/2011,thais.brito202500303@escola.edu.br,8A_EF2,Renato Cunha Freitas,(92) 91448-8896,Lívia Sousa Rodrigues,(71) 94610-4767
202500304,Gabriela Nascimento Santana,F,27/12/2011,gabriela.santana202500304@escola.edu.br,8A_EF2,Thiago Lopes Vieira,(21) 97536-6603,Juliana Castro Ribeiro,(81) 96142-6792
202500305,Antônio Fernandes Ribeiro,M,24/08/2011,antonio.ribeiro202500305@escola.edu.br,8A_EF2,André Lopes Duarte,(41) 95348-4387,Raquel Martins Lopes,(65) 96833-3555
202500306,Lívia Ferreira Cunha,F,01/10/2012,livia.cunha202500306@escola.edu.br,8A_EF2,Yago Teixeira Oliveira,(65) 98901-7081,Bárbara Rocha Ramos,(92) 95501-9041
202500307,Yago Gonçalves Fernandes,M,25/04/2012,yago.fernandes202500307@escola.edu.br,8A_EF2,Antônio Lima Souza,(85) 97933-8836,Sandra Oliveira Gonçalves,(61) 97450-3863
202500308,Bruno Monteiro Santana,M,23/06/2012,bruno.santana202500308@escola.edu.br,8A_EF2,João Silva Cunha,(41) 97216-2650,Amanda Andrade Moura,(65) 95254-4066
202500309,Sabrina Fernandes Cardoso,F,06/06/2012,sabrina.cardoso202500309@escola.edu.br,8A_EF2,Fábio Machado Carvalho,(71) 97099-6981,Elisa Fernandes Mendes,(31) 93148-4744
202500310,Rebeca Fernandes Farias,F,14/09/2011,rebeca.farias202500310@escola.edu.br,8A_EF2,Marcelo Martins Gomes,(48) 93450-8749,Ana Ribeiro Marques,(81) 93203-9470
202500311,Amanda Rezende Ramos,F,18/05/2012,amanda.ramos202500311@escola.edu.br,8A_EF2,Antônio Souza Nunes,(21) 93676-1983,Rafaela Xavier Sousa,(81) 92577-8370
202500312,Sofia Andrade Andrade,F,01/06/2012,sofia.andrade202500312@escola.edu.br,8A_EF2,Igor Pereira Nascimento,(65) 94259-9821,Paula Brito Vieira,(61) 96326-9363
202500313,Nicolás Mendes Ferreira,M,10/10/2012,nicolas.ferreira202500313@escola.edu.br,8A_EF2,Renato Correia Gomes,(65) 93745-6527,Gabriela Correia Moura,(92) 97631-2168
202500314,Henrique Almeida Rocha,M,10/11/2012,henrique.rocha202500314@escola.edu.br,8A_EF2,Davi Fernandes Pinto,(62) 97479-5444,Joana Brito Andrade,(47) 99535-8377
202500315,Eduardo Santos Lima,M,09/11/2011,eduardo.lima202500315@escola.edu.br,8A_EF2,Nicolás Monteiro Duarte,(21) 94450-3734,Elisa Alves Alves,(21) 98752-9985
202500316,Samuel Nunes Santana,M,09/02/2011,samuel.santana202500316@escola.edu.br,8B_EF2,Jorge Gomes Ferreira,(62) 97387-6068,Raquel Lopes Duarte,(51) 98260-3071
202500317,Daniel Santos Oliveira,M,28/06/2012,daniel.oliveira202500317@escola.edu.br,8B_EF2,Sérgio Freitas Teixeira,(51) 99987-8288,Manuela Monteiro Teixeira,(31) 98480-8126
202500318,Helena Teixeira Barbosa,F,18/08/2012,helena.barbosa202500318@escola.edu.br,8B_EF2,Marcos Farias Ferreira,(81) 96044-6992,Gabriela Sousa Gomes,(51) 91172-1001
202500319,Laís Lima Nascimento,F,18/08/2012,lais.nascimento202500319@escola.edu.br,8B_EF2,João Monteiro Ramos,(48) 98816-5908,Ana Brito Machado,(48) 95799-4788
202500320,Tatiana Andrade Martins,F,14/09/2012,tatiana.martins202500320@escola.edu.br,8B_EF2,Caio Lopes Costa,(47) 97385-7199,Raquel Sousa Ferreira,(71) 94924-9464
202500321,Bárbara Farias Monteiro,F,21/05/2012,barbara.monteiro202500321@escola.edu.br,8B_EF2,Nicolás Teixeira Farias,(51) 97765-4080,Juliana Ribeiro Lima,(51) 92808-8460
202500322,Vanessa Monteiro Moura,F,11/04/2012,vanessa.moura202500322@escola.edu.br,8B_EF2,Pedro Gomes Souza,(85) 91362-4046,Letícia Vieira Fernandes,(31) 98183-1134
202500323,Rodrigo Silva Ramos,M,14/06/2011,rodrigo.ramos202500323@escola.edu.br,8B_EF2,Diego Rezende Farias,(81) 97084-8597,Giovanna Rezende Oliveira,(61) 92314-3393
202500324,Samuel Nunes Rodrigues,M,07/03/2012,samuel.rodrigues202500324@escola.edu.br,8B_EF2,Thiago Xavier Moreira,(65) 91206-2998,Nathalia Guimarães Lopes,(71) 98257-5049
202500325,Camila Martins Freitas,F,22/09/2011,camila.freitas202500325@escola.edu.br,8B_EF2,Carlos Cardoso Moreira,(62) 96113-6293,Natália Correia Azevedo,(11) 99534-3001
202500326,Roberto Barbosa Martins,M,28/01/2012,roberto.martins202500326@escola.edu.br,8B_EF2,Kaique Carvalho Pereira,(41) 98113-6316,Ana Costa Rezende,(51) 92960-7484
202500327,Ana Oliveira Araújo,F,20/12/2012,ana.araujo202500327@escola.edu.br,8B_EF2,Rodrigo Andrade Brito,(21) 95075-3583,Maria Ferreira Cunha,(92) 96544-1983
202500328,Ruan Gomes Monteiro,M,16/03/2011,ruan.monteiro202500328@escola.edu.br,8B_EF2,Marcos Rocha Castro,(48) 96690-8187,Rebeca Martins Santos,(47) 97189-6868
202500329,Sofia Oliveira Ramos,F,10/09/2012,sofia.ramos202500329@escola.edu.br,8B_EF2,Guilherme Monteiro Ramos,(41) 94057-9906,Carolina Rocha Azevedo,(81) 95510-3627
202500330,Rodrigo Mendes Vieira,M,12/09/2012,rodrigo.vieira202500330@escola.edu.br,8B_EF2,Renato Silva Brito,(62) 99289-7210,Rebeca Ribeiro Santos,(92) 96965-4912
202500331,Matheus Cavalcante Teixeira,M,17/04/2012,matheus.teixeira202500331@escola.edu.br,8B_EF2,Cauã Ramos Brito,(85) 93525-5638,Amanda Marques Borges,(61) 92809-2577
202500332,Juliana Oliveira Lima,F,07/01/2011,juliana.lima202500332@escola.edu.br,8B_EF2,Rafael Ramos Martins,(21) 91521-7366,Isadora Ramos Santana,(92) 95193-1804
202500333,Francisco Guimarães Rodrigues,M,21/04/2011,francisco.rodrigues202500333@escola.edu.br,8B_EF2,Fábio Ferreira Freitas,(48) 91994-6913,Tatiana Duarte Marques,(65) 97046-1955
202500334,Vanessa Santana Oliveira,F,03/05/2011,vanessa.oliveira202500334@escola.edu.br,8B_EF2,Carlos Santana Alves,(21) 94784-9710,Débora Martins Martins,(85) 95075-3931
202500335,Tatiana Marques Duarte,F,19/11/2011,tatiana.duarte202500335@escola.edu.br,8B_EF2,Ricardo Cunha Freitas,(47) 97997-2705,Natália Rezende Ribeiro,(85) 97579-9268
202500336,Daniel Teixeira Pinto,M,11/06/2012,daniel.pinto202500336@escola.edu.br,8B_EF2,Luiz Rocha Andrade,(71) 98054-6299,Aline Lopes Campos,(85) 94504-7145
202500337,Clarice Sousa Andrade,F,13/08/2011,clarice.andrade202500337@escola.edu.br,9A_EF2,João Azevedo Oliveira,(51) 91267-9480,Manuela Barbosa Silva,(51) 94635-4519
202500338,Beatriz Brito Xavier,F,17/09/2011,beatriz.xavier202500338@escola.edu.br,9A_EF2,Luiz Campos Campos,(31) 92544-1618,Laura Nascimento Gomes,(31) 95341-7014
202500339,Sabrina Almeida Sousa,F,19/02/2011,sabrina.sousa202500339@escola.edu.br,9A_EF2,Caio Campos Carvalho,(47) 92264-6319,Luana Ribeiro Ramos,(65) 92562-5921
202500340,Antônio Moreira Ferreira,M,12/06/2010,antonio.ferreira202500340@escola.edu.br,9A_EF2,Vitor Marques Pereira,(65) 94714-1187,Helena Brito Correia,(71) 91886-5993
202500341,Amanda Teixeira Campos,F,17/06/2010,amanda.campos202500341@escola.edu.br,9A_EF2,Enzo Almeida Gomes,(11) 97436-8300,Laís Pinto Campos,(85) 92475-4638
202500342,Caio Gomes Lima,M,16/02/2011,caio.lima202500342@escola.edu.br,9A_EF2,Antônio Duarte Souza,(85) 97540-5301,Larissa Nunes Gonçalves,(71) 93136-3209
202500343,André Ramos Nunes,M,20/09/2010,andre.nunes202500343@escola.edu.br,9A_EF2,Nicolás Santana Lopes,(41) 92173-5362,Nathalia Machado Rocha,(62) 92467-2843
202500344,Isabela Andrade Nascimento,F,12/06/2010,isabela.nascimento202500344@escola.edu.br,9A_EF2,Francisco Borges Santos,(48) 95994-3773,Carolina Moura Xavier,(48) 98245-3389
202500345,Marcos Martins Cunha,M,25/03/2011,marcos.cunha202500345@escola.edu.br,9A_EF2,Murilo Ferreira Pereira,(47) 91893-4982,Bárbara Gomes Xavier,(51) 91225-6624
202500346,Lívia Barbosa Mendes,F,11/01/2011,livia.mendes202500346@escola.edu.br,9A_EF2,Carlos Duarte Teixeira,(41) 94339-9952,Renata Melo Sousa,(85) 98913-3315
202500347,Isadora Santos Moreira,F,06/05/2010,isadora.moreira202500347@escola.edu.br,9A_EF2,Gabriel Vieira Martins,(48) 95444-1869,Laura Borges Silva,(21) 97367-5445
202500348,Isadora Andrade Alves,F,28/05/2010,isadora.alves202500348@escola.edu.br,9A_EF2,Ruan Moreira Almeida,(71) 99331-2631,Amanda Ramos Pinto,(85) 92442-4054
202500349,Renato Castro Guimarães,M,08/01/2010,renato.guimaraes202500349@escola.edu.br,9A_EF2,Tiago Barbosa Dias,(81) 97445-3572,Beatriz Nascimento Cunha,(61) 96822-5953
202500350,Danilo Fernandes Farias,M,09/11/2010,danilo.farias202500350@escola.edu.br,9A_EF2,Marcelo Xavier Santos,(85) 95590-4695,Mariana Dias Nunes,(62) 93248-2438
202500351,Renata Cunha Moura,F,08/07/2010,renata.moura202500351@escola.edu.br,9A_EF2,Antônio Gomes Machado,(51) 96395-8359,Sandra Lima Carvalho,(62) 93270-9869
202500352,Priscila Lima Barbosa,F,25/07/2010,priscila.barbosa202500352@escola.edu.br,9A_EF2,Rodrigo Borges Campos,(31) 96201-2111,Tatiana Teixeira Azevedo,(21) 94016-6203
202500353,Mariana Azevedo Santos,F,14/07/2011,mariana.santos202500353@escola.edu.br,9A_EF2,Diego Mendes Duarte,(65) 95485-3489,Nathalia Martins Alves,(31) 94026-1429
202500354,Bárbara Moura Fernandes,F,08/10/2010,barbara.fernandes202500354@escola.edu.br,9A_EF2,Marcos Cunha Santos,(61) 92302-8808,Manuela Gonçalves Pinto,(81) 97126-4014
202500355,Maria Cardoso Lima,F,08/04/2010,maria.lima202500355@escola.edu.br,9A_EF2,Lucas Marques Melo,(11) 95421-7767,Raquel Duarte Cavalcante,(41) 94351-2083
202500356,Leandro Moura Ramos,M,08/08/2011,leandro.ramos202500356@escola.edu.br,9A_EF2,Vitor Nunes Brito,(11) 97232-6126,Elisa Moura Duarte,(92) 99784-9605
202500357,Eduarda Rezende Oliveira,F,15/08/2010,eduarda.oliveira202500357@escola.edu.br,9A_EF2,Lucas Lopes Santana,(85) 97481-1643,Tatiana Moreira Santana,(48) 91807-4110
202500358,Caio Barbosa Brito,M,06/08/2011,caio.brito202500358@escola.edu.br,9B_EF2,Vitor Vieira Moura,(11) 99470-3330,Laura Borges Mendes,(21) 99202-2854
202500359,José Monteiro Teixeira,M,14/07/2010,jose.teixeira202500359@escola.edu.br,9B_EF2,Victor Mendes Santos,(31) 98433-4308,Laura Ferreira Sousa,(61) 93686-3024
202500360,Davi Mendes Correia,M,17/02/2011,davi.correia202500360@escola.edu.br,9B_EF2,Davi Moreira Azevedo,(48) 99383-3619,Débora Castro Moreira,(11) 93799-6491
202500361,Isadora Gomes Costa,F,25/03/2010,isadora.costa202500361@escola.edu.br,9B_EF2,Davi Souza Marques,(51) 96071-8311,Vitória Correia Ribeiro,(21) 93155-4323
202500362,Yago Sousa Silva,M,28/08/2011,yago.silva202500362@escola.edu.br,9B_EF2,Fábio Teixeira Farias,(11) 99084-4897,Rafaela Araújo Cavalcante,(81) 98434-7719
202500363,Francisco Pinto Silva,M,09/09/2010,francisco.silva202500363@escola.edu.br,9B_EF2,Jorge Correia Castro,(65) 94401-1801,Paula Gomes Souza,(62) 96718-1601
202500364,Lucas Cavalcante Campos,M,03/06/2011,lucas.campos202500364@escola.edu.br,9B_EF2,Gabriel Alves Marques,(31) 93643-5659,Bárbara Cavalcante Monteiro,(47) 93906-8460
202500365,Daniela Oliveira Ferreira,F,12/06/2011,daniela.ferreira202500365@escola.edu.br,9B_EF2,Marcelo Xavier Rodrigues,(48) 98001-2063,Vitória Cardoso Lima,(21) 95496-6393
202500366,Renata Carvalho Monteiro,F,02/10/2010,renata.monteiro202500366@escola.edu.br,9B_EF2,Rafael Campos Azevedo,(62) 99666-2436,Luana Azevedo Monteiro,(92) 95705-7996
202500367,Amanda Sousa Santana,F,20/03/2011,amanda.santana202500367@escola.edu.br,9B_EF2,Antônio Ramos Santana,(47) 99154-9069,Paula Moura Almeida,(47) 95759-4171
202500368,Pedro Freitas Correia,M,28/12/2010,pedro.correia202500368@escola.edu.br,9B_EF2,Carlos Farias Moura,(71) 97783-1745,Bruna Nascimento Castro,(48) 94478-1185
202500369,Giovanna Vieira Sousa,F,10/05/2010,giovanna.sousa202500369@escola.edu.br,9B_EF2,Danilo Castro Rocha,(48) 91100-2865,Alice Dias Dias,(71) 91477-3877
202500370,Henrique Cunha Cardoso,M,21/01/2011,henrique.cardoso202500370@escola.edu.br,9B_EF2,Gustavo Cardoso Gomes,(62) 98546-9797,Bruna Freitas Rezende,(65) 97782-1917
202500371,Yasmin Campos Azevedo,F,18/09/2011,yasmin.azevedo202500371@escola.edu.br,9B_EF2,Pedro Carvalho Campos,(62) 96434-6793,Juliana Gomes Fernandes,(65) 91510-6556
202500372,Helena Teixeira Costa,F,20/03/2011,helena.costa202500372@escola.edu.br,9B_EF2,Bruno Rezende Melo,(51) 96152-1518,Vanessa Marques Ferreira,(81) 94893-7088
202500373,Diego Carvalho Santana,M,04/03/2011,diego.santana202500373@escola.edu.br,9B_EF2,Alexandre Rezende Oliveira,(48) 94311-2517,Joana Gonçalves Santos,(48) 98907-9192
202500374,Henrique Cardoso Azevedo,M,05/06/2011,henrique.azevedo202500374@escola.edu.br,9B_EF2,Samuel Alves Xavier,(85) 93174-4361,Rebeca Oliveira Freitas,(71) 99558-2897
202500375,Lucas Cunha Pinto,M,15/06/2010,lucas.pinto202500375@escola.edu.br,9B_EF2,Lucas Alves Santana,(48) 96119-1368,Thaís Melo Barbosa,(62) 94438-6257
202500376,Fernando Fernandes Teixeira,M,22/08/2011,fernando.teixeira202500376@escola.edu.br,9B_EF2,Bruno Fernandes Gomes,(31) 95483-2875,Ana Moura Castro,(85) 92677-4384
202500377,Tatiana Rocha Fernandes,F,26/12/2010,tatiana.fernandes202500377@escola.edu.br,9B_EF2,Fernando Campos Lopes,(31) 92167-6101,Bárbara Dias Teixeira,(81) 91831-3131
202500378,Cauã Souza Alves,M,03/01/2011,caua.alves202500378@escola.edu.br,9B_EF2,Vitor Nunes Ribeiro,(47) 98304-6826,Yasmin Dias Xavier,(41) 99740-2286
202500379,Laís Melo Freitas,F,27/02/2009,lais.freitas202500379@escola.edu.br,1A_EM,Enzo Freitas Alves,(81) 96085-8625,Luana Almeida Almeida,(31) 95227-6954
202500380,Enzo Cavalcante Dias,M,16/08/2010,enzo.dias202500380@escola.edu.br,1A_EM,Pedro Rodrigues Cardoso,(21) 96758-8842,Laura Costa Vieira,(48) 96711-3087
202500381,Elisa Xavier Guimarães,F,18/06/2009,elisa.guimaraes202500381@escola.edu.br,1A_EM,Ruan Rodrigues Rezende,(51) 99728-8552,Elisa Araújo Marques,(41) 94992-9977
202500382,Sérgio Moreira Rodrigues,M,27/04/2010,sergio.rodrigues202500382@escola.edu.br,1A_EM,Enzo Araújo Machado,(48) 98132-6606,Sandra Monteiro Lopes,(31) 92276-8972
202500383,Francisco Freitas Rocha,M,06/08/2009,francisco.rocha202500383@escola.edu.br,1A_EM,Diego Nunes Rodrigues,(92) 92781-7208,Amanda Ramos Borges,(62) 92007-2483
202500384,Gustavo Araújo Melo,M,22/03/2009,gustavo.melo202500384@escola.edu.br,1A_EM,Rodrigo Mendes Teixeira,(51) 97389-8326,Priscila Carvalho Cunha,(61) 95910-5989
202500385,Isabela Guimarães Nascimento,F,01/10/2009,isabela.nascimento202500385@escola.edu.br,1A_EM,Jorge Gonçalves Nunes,(65) 93089-5819,Fernanda Andrade Castro,(11) 91013-6885
202500386,Fernando Santos Lopes,M,19/12/2010,fernando.lopes202500386@escola.edu.br,1A_EM,Caio Correia Rocha,(47) 97271-7652,Débora Machado Teixeira,(41) 93841-8780
202500387,Luiz Moreira Andrade,M,10/03/2010,luiz.andrade202500387@escola.edu.br,1A_EM,Kaique Lima Lima,(11) 92175-1257,Mariana Azevedo Ramos,(62) 98155-3224
202500388,Ruan Farias Marques,M,20/12/2010,ruan.marques202500388@escola.edu.br,1A_EM,Vitor Moura Ribeiro,(81) 99346-7948,Tatiana Xavier Mendes,(71) 96821-4698
202500389,Francisco Silva Campos,M,08/12/2010,francisco.campos202500389@escola.edu.br,1A_EM,Davi Gonçalves Fernandes,(71) 99948-7012,Camila Oliveira Campos,(81) 97038-2854
202500390,Giovanna Ferreira Gomes,F,17/08/2010,giovanna.gomes202500390@escola.edu.br,1A_EM,Felipe Santana Moura,(21) 95017-8740,Helena Duarte Cavalcante,(62) 92279-9834
202500391,Yasmin Moura Souza,F,25/09/2010,yasmin.souza202500391@escola.edu.br,1A_EM,João Cardoso Freitas,(85) 98687-6431,Gabriela Nascimento Farias,(51) 95738-3744
202500392,Francisco Duarte Barbosa,M,21/01/2010,francisco.barbosa202500392@escola.edu.br,1A_EM,Sérgio Araújo Costa,(92) 91845-5780,Clarice Moura Santos,(51) 98942-2351
202500393,Matheus Rezende Fernandes,M,20/03/2010,matheus.fernandes202500393@escola.edu.br,1A_EM,Leonardo Fernandes Sousa,(11) 92827-3860,Viviane Duarte Gomes,(62) 98317-7058
202500394,Sofia Rezende Monteiro,F,06/08/2009,sofia.monteiro202500394@escola.edu.br,1A_EM,Tiago Oliveira Dias,(21) 93376-3525,Maria Melo Marques,(48) 97277-4898
202500395,Rebeca Correia Costa,F,24/10/2009,rebeca.costa202500395@escola.edu.br,1A_EM,Ricardo Souza Borges,(51) 92900-1860,Natália Freitas Nunes,(81) 95937-8803
202500396,Laís Teixeira Almeida,F,23/11/2010,lais.almeida202500396@escola.edu.br,1A_EM,Marcelo Cardoso Sousa,(31) 99690-8122,Ana Vieira Farias,(81) 97258-6172
202500397,Alice Oliveira Alves,F,20/07/2010,alice.alves202500397@escola.edu.br,1A_EM,Ruan Fernandes Dias,(51) 95375-2610,Sofia Borges Araújo,(71) 98554-4961
202500398,Viviane Brito Martins,F,23/11/2010,viviane.martins202500398@escola.edu.br,1A_EM,Eduardo Rocha Castro,(11) 91138-2113,Ana Marques Alves,(85) 92702-8306
202500399,Murilo Vieira Sousa,M,01/01/2009,murilo.sousa202500399@escola.edu.br,1A_EM,Jorge Ferreira Souza,(92) 94552-2995,Eduarda Pereira Ferreira,(65) 93128-7159
202500400,Valentina Campos Farias,F,23/02/2009,valentina.farias202500400@escola.edu.br,1B_EM,Eduardo Sousa Vieira,(81) 92240-8429,Vanessa Brito Machado,(47) 96298-5216
202500401,Matheus Fernandes Brito,M,13/07/2009,matheus.brito202500401@escola.edu.br,1B_EM,Henrique Souza Sousa,(65) 95336-3915,Joana Rodrigues Ramos,(41) 97432-3923
202500402,Letícia Gomes Teixeira,F,20/04/2010,leticia.teixeira202500402@escola.edu.br,1B_EM,Ruan Alves Mendes,(47) 95243-2692,Camila Rodrigues Rodrigues,(92) 95105-8305
202500403,Fábio Gomes Borges,M,22/01/2009,fabio.borges202500403@escola.edu.br,1B_EM,Marcelo Fernandes Gomes,(47) 96403-7411,Thaís Silva Gonçalves,(47) 99039-8833
202500404,Murilo Brito Farias,M,08/09/2009,murilo.farias202500404@escola.edu.br,1B_EM,João Moreira Monteiro,(65) 98898-2985,Thaís Teixeira Nascimento,(61) 95961-7563
202500405,Ruan Ferreira Andrade,M,27/02/2010,ruan.andrade202500405@escola.edu.br,1B_EM,Renato Melo Brito,(51) 94327-3893,Tatiana Oliveira Moreira,(62) 94129-5896
202500406,Letícia Correia Monteiro,F,03/08/2010,leticia.monteiro202500406@escola.edu.br,1B_EM,Roberto Mendes Duarte,(41) 93292-1584,Priscila Santos Azevedo,(92) 94907-9015
202500407,Guilherme Borges Barbosa,M,27/09/2010,guilherme.barbosa202500407@escola.edu.br,1B_EM,Leandro Santos Oliveira,(61) 91918-6533,Rebeca Oliveira Nunes,(21) 94468-9570
202500408,Cauã Teixeira Gomes,M,02/02/2009,caua.gomes202500408@escola.edu.br,1B_EM,Nicolás Gomes Ramos,(62) 91312-8720,Bárbara Oliveira Lopes,(47) 93138-1235
202500409,Gabriel Barbosa Xavier,M,20/08/2009,gabriel.xavier202500409@escola.edu.br,1B_EM,Daniel Araújo Rodrigues,(65) 92742-2870,Maria Pinto Farias,(92) 94613-2033
202500410,Isabela Dias Farias,F,04/06/2010,isabela.farias202500410@escola.edu.br,1B_EM,Cauã Campos Teixeira,(31) 96268-4493,Laís Oliveira Araújo,(31) 96496-2035
202500411,Rodrigo Melo Marques,M,12/12/2009,rodrigo.marques202500411@escola.edu.br,1B_EM,Luiz Costa Mendes,(41) 91666-3185,Letícia Rezende Correia,(92) 97162-3584
202500412,Fábio Ferreira Silva,M,03/03/2009,fabio.silva202500412@escola.edu.br,1B_EM,Davi Borges Araújo,(51) 97819-8798,Giovanna Lima Carvalho,(31) 95439-9570
202500413,Paulo Ribeiro Moura,M,06/10/2009,paulo.moura202500413@escola.edu.br,1B_EM,Davi Ramos Moura,(21) 95934-6699,Gabriela Silva Castro,(41) 94144-2925
202500414,Letícia Moura Andrade,F,25/08/2009,leticia.andrade202500414@escola.edu.br,1B_EM,Roberto Cavalcante Carvalho,(51) 91869-4173,Lívia Rezende Gomes,(62) 98772-9151
202500415,Kaique Oliveira Souza,M,07/05/2010,kaique.souza202500415@escola.edu.br,1B_EM,Vitor Sousa Dias,(92) 98424-1709,Letícia Duarte Souza,(85) 93881-3589
202500416,Maria Gonçalves Pereira,F,24/04/2009,maria.pereira202500416@escola.edu.br,1B_EM,Leandro Araújo Araújo,(61) 97865-4256,Clarice Cunha Rocha,(41) 92804-6343
202500417,Paulo Duarte Marques,M,08/07/2009,paulo.marques202500417@escola.edu.br,1B_EM,Matheus Cardoso Araújo,(81) 91890-8141,Mariana Carvalho Moura,(81) 93917-7346
202500418,Renato Azevedo Martins,M,07/05/2010,renato.martins202500418@escola.edu.br,1B_EM,Henrique Lima Oliveira,(47) 91977-5597,Manuela Pereira Freitas,(81) 97852-3804
202500419,Raquel Vieira Pinto,F,20/11/2009,raquel.pinto202500419@escola.edu.br,1B_EM,Daniel Campos Castro,(65) 94763-2416,Gabriela Santana Ramos,(65) 94546-8757
202500420,Vanessa Silva Azevedo,F,28/12/2010,vanessa.azevedo202500420@escola.edu.br,1B_EM,Paulo Lopes Rocha,(71) 94643-3440,Thaís Silva Marques,(11) 91656-8711
202500421,Patrícia Oliveira Machado,F,26/08/2009,patricia.machado202500421@escola.edu.br,2A_EM,Enzo Xavier Alves,(81) 99114-4940,Larissa Castro Melo,(11) 97662-4571
202500422,Fernando Lopes Borges,M,16/01/2008,fernando.borges202500422@escola.edu.br,2A_EM,Kaique Barbosa Costa,(47) 98524-1399,Laura Freitas Brito,(31) 97641-4030
202500423,Daniela Correia Freitas,F,03/11/2008,daniela.freitas202500423@escola.edu.br,2A_EM,Marcelo Monteiro Dias,(85) 91535-5859,Isabela Melo Fernandes,(47) 99887-4393
202500424,Larissa Moura Dias,F,22/09/2008,larissa.dias202500424@escola.edu.br,2A_EM,Alexandre Souza Pereira,(71) 96989-8624,Bárbara Oliveira Andrade,(61) 93871-2097
202500425,Nathalia Carvalho Lima,F,18/04/2009,nathalia.lima202500425@escola.edu.br,2A_EM,Bruno Borges Cardoso,(47) 94437-4693,Amanda Nascimento Fernandes,(85) 97929-5540
202500426,Alexandre Nascimento Mendes,M,17/09/2009,alexandre.mendes202500426@escola.edu.br,2A_EM,Bruno Cardoso Guimarães,(85) 99730-5788,Joana Moura Andrade,(48) 92075-4085
202500427,Laura Ferreira Ferreira,F,10/03/2009,laura.ferreira202500427@escola.edu.br,2A_EM,Matheus Alves Costa,(51) 92835-3424,Maria Gomes Carvalho,(85) 91371-5803
202500428,Cauã Teixeira Lima,M,14/06/2009,caua.lima202500428@escola.edu.br,2A_EM,Leandro Duarte Borges,(11) 95776-4097,Juliana Santos Farias,(41) 99513-6503
202500429,Henrique Borges Borges,M,19/08/2009,henrique.borges202500429@escola.edu.br,2A_EM,Kaique Monteiro Santana,(65) 99986-8295,Laura Barbosa Campos,(31) 96021-3813
202500430,Raquel Cardoso Andrade,F,05/01/2009,raquel.andrade202500430@escola.edu.br,2A_EM,Ricardo Vieira Freitas,(31) 93634-9770,Vitória Ribeiro Ribeiro,(65) 93514-3641
202500431,Lucas Rocha Campos,M,09/08/2008,lucas.campos202500431@escola.edu.br,2A_EM,Alexandre Ribeiro Carvalho,(85) 91568-6192,Carolina Gomes Andrade,(81) 99845-3663
202500432,Lívia Santos Nunes,F,15/03/2009,livia.nunes202500432@escola.edu.br,2A_EM,Victor Gomes Silva,(47) 99948-9313,Bruna Borges Guimarães,(51) 98764-5748
202500433,Laís Campos Cavalcante,F,24/10/2008,lais.cavalcante202500433@escola.edu.br,2A_EM,Leandro Dias Monteiro,(21) 98847-1656,Manuela Cunha Castro,(21) 96047-1406
202500434,Marcos Mendes Nascimento,M,02/06/2008,marcos.nascimento202500434@escola.edu.br,2A_EM,Francisco Borges Martins,(92) 99625-4639,Nathalia Fernandes Martins,(11) 92369-9821
202500435,Alice Cavalcante Ferreira,F,16/04/2009,alice.ferreira202500435@escola.edu.br,2A_EM,Victor Pinto Pinto,(85) 91918-6915,Elisa Gomes Guimarães,(65) 98006-7056
202500436,João Vieira Nascimento,M,15/05/2009,joao.nascimento202500436@escola.edu.br,2A_EM,Luiz Ferreira Carvalho,(47) 98278-7809,Joana Vieira Costa,(48) 97944-7786
202500437,José Pinto Ferreira,M,10/04/2008,jose.ferreira202500437@escola.edu.br,2A_EM,Sérgio Santana Dias,(21) 97156-2449,Ana Marques Correia,(51) 97791-3865
202500438,Eduarda Campos Melo,F,06/04/2008,eduarda.melo202500438@escola.edu.br,2A_EM,Marcelo Vieira Castro,(81) 91691-5947,Viviane Barbosa Ramos,(85) 98593-4678
202500439,João Gomes Sousa,M,27/11/2009,joao.sousa202500439@escola.edu.br,2A_EM,Roberto Cardoso Pereira,(62) 95713-7834,Paula Ramos Monteiro,(62) 95009-1466
202500440,Leonardo Ramos Rodrigues,M,16/10/2009,leonardo.rodrigues202500440@escola.edu.br,2A_EM,Antônio Machado Sousa,(62) 98799-2959,Daniela Gonçalves Azevedo,(92) 91287-5252
202500441,Gabriel Gomes Rocha,M,05/12/2009,gabriel.rocha202500441@escola.edu.br,2B_EM,Ricardo Costa Souza,(51) 96917-7873,Helena Nascimento Souza,(51) 95778-9677
202500442,Juliana Gonçalves Martins,F,20/02/2008,juliana.martins202500442@escola.edu.br,2B_EM,Yago Costa Teixeira,(61) 96180-5932,Vanessa Cunha Monteiro,(47) 96939-2570
202500443,Carolina Xavier Gomes,F,17/03/2008,carolina.gomes202500443@escola.edu.br,2B_EM,Fernando Andrade Brito,(81) 97750-6575,Natália Alves Carvalho,(31) 99247-4622
202500444,Tatiana Moura Monteiro,F,15/07/2008,tatiana.monteiro202500444@escola.edu.br,2B_EM,Matheus Pereira Xavier,(31) 91284-8856,Carolina Barbosa Monteiro,(61) 93277-8240
202500445,Aline Santana Melo,F,23/03/2009,aline.melo202500445@escola.edu.br,2B_EM,Diego Santos Duarte,(65) 92943-4643,Manuela Monteiro Gomes,(47) 94712-6036
202500446,Gustavo Ferreira Machado,M,01/02/2008,gustavo.machado202500446@escola.edu.br,2B_EM,Samuel Cardoso Melo,(71) 91696-4217,Letícia Oliveira Rezende,(62) 99412-1971
202500447,Thiago Oliveira Rodrigues,M,01/11/2009,thiago.rodrigues202500447@escola.edu.br,2B_EM,Yago Alves Rezende,(21) 94365-4277,Paula Cavalcante Nascimento,(11) 92487-3384
202500448,Vanessa Araújo Nascimento,F,28/03/2009,vanessa.nascimento202500448@escola.edu.br,2B_EM,Danilo Brito Azevedo,(92) 94962-9272,Thaís Rodrigues Alves,(65) 91229-9664
202500449,André Vieira Costa,M,04/12/2008,andre.costa202500449@escola.edu.br,2B_EM,Carlos Gonçalves Guimarães,(81) 97004-4033,Joana Cunha Alves,(31) 96813-7219
202500450,Danilo Almeida Marques,M,04/06/2008,danilo.marques202500450@escola.edu.br,2B_EM,Renato Pereira Santana,(31) 99123-6918,Eduarda Vieira Castro,(47) 91665-2347
202500451,Bruno Moreira Vieira,M,24/10/2009,bruno.vieira202500451@escola.edu.br,2B_EM,Diego Cunha Mendes,(41) 97672-5761,Isabela Martins Rodrigues,(65) 98793-7020
202500452,Cauã Ramos Cunha,M,15/07/2008,caua.cunha202500452@escola.edu.br,2B_EM,Tiago Cavalcante Cunha,(21) 92953-3348,Elisa Nunes Monteiro,(92) 92666-3764
202500453,André Dias Martins,M,08/02/2009,andre.martins202500453@escola.edu.br,2B_EM,Vitor Azevedo Ramos,(51) 95472-7557,Carolina Cardoso Cavalcante,(92) 97626-8938
202500454,Mariana Brito Freitas,F,09/02/2008,mariana.freitas202500454@escola.edu.br,2B_EM,Fábio Ramos Almeida,(62) 93205-1486,Letícia Duarte Souza,(65) 92117-9161
202500455,Paula Moreira Pinto,F,10/03/2009,paula.pinto202500455@escola.edu.br,2B_EM,Jorge Moura Alves,(48) 92253-9518,Nathalia Ramos Rezende,(81) 94308-5809
202500456,Maria Gonçalves Sousa,F,18/09/2009,maria.sousa202500456@escola.edu.br,2B_EM,Pedro Melo Oliveira,(71) 92951-7285,Joana Rocha Moreira,(81) 98531-1589
202500457,Luiz Cavalcante Brito,M,06/12/2009,luiz.brito202500457@escola.edu.br,2B_EM,Fábio Machado Lima,(51) 97374-8986,Laís Pereira Campos,(62) 99037-9837
202500458,Luana Castro Costa,F,09/07/2008,luana.costa202500458@escola.edu.br,2B_EM,Fábio Araújo Moreira,(92) 96779-5660,Amanda Souza Santos,(92) 91739-3100
202500459,Carolina Farias Duarte,F,11/11/2008,carolina.duarte202500459@escola.edu.br,2B_EM,Marcelo Alves Machado,(61) 96855-7749,Carolina Souza Cavalcante,(41) 95056-4844
202500460,Viviane Ferreira Monteiro,F,04/05/2008,viviane.monteiro202500460@escola.edu.br,2B_EM,Henrique Costa Santos,(85) 96343-1612,Laura Cavalcante Machado,(92) 99433-7900
202500461,Enzo Cardoso Araújo,M,13/06/2007,enzo.araujo202500461@escola.edu.br,3A_EM,Antônio Moreira Rocha,(92) 92601-9001,Letícia Monteiro Cunha,(41) 96504-9138
202500462,Laís Cavalcante Dias,F,10/10/2007,lais.dias202500462@escola.edu.br,3A_EM,Alexandre Machado Martins,(81) 92234-9779,Rafaela Vieira Sousa,(11) 95871-7586
202500463,Bárbara Duarte Ferreira,F,11/10/2007,barbara.ferreira202500463@escola.edu.br,3A_EM,Leonardo Rodrigues Campos,(48) 99700-8786,Isabela Carvalho Nascimento,(48) 92256-5945
202500464,Yasmin Machado Cavalcante,F,14/04/2008,yasmin.cavalcante202500464@escola.edu.br,3A_EM,Caio Sousa Moura,(85) 98425-9971,Paula Santos Correia,(47) 99457-4056
202500465,Rafaela Cavalcante Xavier,F,21/05/2008,rafaela.xavier202500465@escola.edu.br,3A_EM,Guilherme Farias Moura,(65) 98106-1981,Renata Martins Andrade,(81) 93420-4938
202500466,Cauã Melo Barbosa,M,11/07/2008,caua.barbosa202500466@escola.edu.br,3A_EM,Matheus Correia Carvalho,(65) 97757-5373,Vitória Borges Costa,(51) 94868-7649
202500467,Rodrigo Martins Santos,M,15/05/2007,rodrigo.santos202500467@escola.edu.br,3A_EM,Fábio Castro Machado,(71) 91606-4309,Natália Fernandes Lima,(11) 95233-5551
202500468,Paula Borges Oliveira,F,02/01/2008,paula.oliveira202500468@escola.edu.br,3A_EM,Felipe Rocha Pinto,(51) 92041-7668,Daniela Cavalcante Cavalcante,(21) 97502-3302
202500469,Antônio Duarte Gonçalves,M,22/09/2007,antonio.goncalves202500469@escola.edu.br,3A_EM,José Brito Santana,(51) 99133-2478,Sabrina Pinto Pereira,(48) 96134-6395
202500470,Clarice Moreira Farias,F,07/07/2007,clarice.farias202500470@escola.edu.br,3A_EM,Rodrigo Alves Ribeiro,(41) 95498-8200,Gabriela Sousa Araújo,(11) 99034-9740
202500471,Bruno Rocha Teixeira,M,22/08/2008,bruno.teixeira202500471@escola.edu.br,3A_EM,Paulo Fernandes Rezende,(31) 96947-8786,Eduarda Andrade Xavier,(51) 91345-1570
202500472,Isadora Farias Souza,F,18/05/2007,isadora.souza202500472@escola.edu.br,3A_EM,Marcelo Barbosa Correia,(47) 96945-2999,Sandra Lopes Mendes,(71) 91128-7438
202500473,Sofia Barbosa Ferreira,F,07/05/2007,sofia.ferreira202500473@escola.edu.br,3A_EM,Daniel Mendes Correia,(61) 97656-1555,Vanessa Ferreira Xavier,(48) 99055-8718
202500474,Bruna Guimarães Machado,F,23/03/2007,bruna.machado202500474@escola.edu.br,3A_EM,Thiago Gonçalves Rodrigues,(61) 97895-9973,Clarice Rocha Freitas,(47) 91448-1853
202500475,Paula Correia Mendes,F,13/01/2007,paula.mendes202500475@escola.edu.br,3A_EM,André Correia Barbosa,(61) 92347-2815,Natália Lopes Santana,(47) 93131-7722
202500476,Amanda Mendes Cardoso,F,06/05/2007,amanda.cardoso202500476@escola.edu.br,3A_EM,Cauã Araújo Xavier,(61) 95616-4254,Larissa Marques Andrade,(31) 97447-7182
202500477,Thaís Almeida Santos,F,21/09/2007,thais.santos202500477@escola.edu.br,3A_EM,Jorge Correia Almeida,(21) 98576-4248,Sofia Monteiro Costa,(11) 97570-8027
202500478,Mariana Ferreira Andrade,F,04/10/2007,mariana.andrade202500478@escola.edu.br,3A_EM,João Guimarães Santana,(71) 98433-9096,Lívia Almeida Guimarães,(41) 94121-5361
202500479,Fábio Moreira Lima,M,20/04/2008,fabio.lima202500479@escola.edu.br,3A_EM,Carlos Xavier Vieira,(47) 94102-7853,Paula Marques Rezende,(31) 91471-5754
202500480,Sabrina Moura Mendes,F,19/06/2007,sabrina.mendes202500480@escola.edu.br,3A_EM,Cauã Borges Freitas,(21) 91169-8682,Manuela Rocha Monteiro,(71) 94476-7283
202500481,Clarice Pinto Sousa,F,18/02/2007,clarice.sousa202500481@escola.edu.br,3B_EM,Gabriel Souza Dias,(41) 98715-6804,Aline Cavalcante Farias,(92) 91745-1087
202500482,Jorge Moreira Barbosa,M,12/11/2008,jorge.barbosa202500482@escola.edu.br,3B_EM,Gustavo Castro Oliveira,(92) 93938-5264,Natália Gonçalves Ramos,(61) 98669-3161
202500483,Davi Santana Machado,M,04/05/2007,davi.machado202500483@escola.edu.br,3B_EM,Victor Oliveira Lima,(81) 95603-6907,Isabela Vieira Sousa,(92) 95321-9470
202500484,Daniel Rocha Duarte,M,18/03/2008,daniel.duarte202500484@escola.edu.br,3B_EM,Kaique Correia Farias,(81) 91871-4095,Mariana Souza Almeida,(31) 91587-8704
202500485,Davi Freitas Machado,M,02/08/2007,davi.machado202500485@escola.edu.br,3B_EM,Leandro Nascimento Guimarães,(85) 98949-8499,Maria Pereira Azevedo,(65) 93425-3025
202500486,Carlos Vieira Ribeiro,M,17/12/2007,carlos.ribeiro202500486@escola.edu.br,3B_EM,Leonardo Campos Cavalcante,(92) 94479-1067,Renata Brito Campos,(31) 97822-2258
202500487,Fábio Cunha Alves,M,10/01/2008,fabio.alves202500487@escola.edu.br,3B_EM,Cauã Cunha Pereira,(71) 97120-2737,Amanda Gomes Santos,(21) 98540-8861
202500488,Leonardo Pinto Cavalcante,M,02/06/2007,leonardo.cavalcante202500488@escola.edu.br,3B_EM,Ruan Moura Mendes,(61) 93118-4463,Fernanda Farias Borges,(51) 96294-1909
202500489,Tatiana Pinto Moreira,F,09/07/2007,tatiana.moreira202500489@escola.edu.br,3B_EM,Eduardo Lopes Brito,(65) 97535-2461,Beatriz Carvalho Costa,(71) 97592-5668
202500490,Valentina Gomes Pereira,F,26/08/2008,valentina.pereira202500490@escola.edu.br,3B_EM,Vitor Duarte Farias,(51) 93151-6882,Isadora Alves Andrade,(85) 94274-9021
202500491,Marcelo Cardoso Fernandes,M,25/02/2008,marcelo.fernandes202500491@escola.edu.br,3B_EM,Vitor Farias Andrade,(92) 94053-8112,Helena Machado Ferreira,(11) 99410-6599
202500492,Alice Almeida Borges,F,17/08/2007,alice.borges202500492@escola.edu.br,3B_EM,Roberto Borges Santana,(21) 95762-8671,Isabela Ferreira Farias,(81) 95921-3434
202500493,Alice Barbosa Lopes,F,19/05/2008,alice.lopes202500493@escola.edu.br,3B_EM,Gabriel Castro Rodrigues,(11) 99411-2763,Patrícia Machado Marques,(21) 98612-5151
202500494,José Ferreira Brito,M,24/02/2007,jose.brito202500494@escola.edu.br,3B_EM,Kaique Freitas Ribeiro,(48) 93985-7438,Camila Ferreira Marques,(47) 95876-6143
202500495,Laura Melo Cavalcante,F,26/10/2008,laura.cavalcante202500495@escola.edu.br,3B_EM,Thiago Dias Farias,(31) 94458-4032,Larissa Duarte Pinto,(51) 92742-8107
202500496,Ana Nunes Pereira,F,21/03/2007,ana.pereira202500496@escola.edu.br,3B_EM,Sérgio Freitas Monteiro,(71) 98974-5961,Bárbara Xavier Moura,(61) 97471-5958
202500497,Gustavo Silva Martins,M,23/01/2007,gustavo.martins202500497@escola.edu.br,3B_EM,André Santos Carvalho,(81) 93378-4961,Isabela Correia Rezende,(85) 94127-2410
202500498,Renato Gomes Cardoso,M,04/01/2008,renato.cardoso202500498@escola.edu.br,3B_EM,Daniel Gomes Duarte,(47) 98295-8947,Luana Santos Mendes,(92) 94975-4298
202500499,Caio Souza Dias,M,21/02/2007,caio.dias202500499@escola.edu.br,3B_EM,Davi Machado Marques,(65) 99121-5764,Camila Ramos Nunes,(81) 99410-8993
202500500,Gabriel Santana Santos,M,11/10/2008,gabriel.santos202500500@escola.edu.br,3B_EM,Luiz Rodrigues Fernandes,(62) 97834-8755,Lívia Ramos Moura,(62) 96681-8345
